#{"t_start": 1707317816.0819433, "env_id": "None"}
r,l,t
-1750.627468,5000,111.446246
-565.835964,5000,220.905476
-560.809229,5000,329.249205
-560.000609,5000,437.830421
-560.128895,5000,548.68766
-558.685124,5000,656.755867
-557.665536,5000,765.585086
-559.309206,5000,874.386309
-559.967167,5000,981.635515
-1847.082631,5000,1090.135725
-1837.658747,5000,1195.365903
-1829.277748,5000,1297.719049
-1838.550432,5000,1400.529198
-1840.763,5000,1503.227351
-1834.608444,5000,1605.900497
-1837.120519,5000,1708.689654
-1855.871981,5000,1826.334593
-1861.487534,5000,1934.766808
-1859.155108,5000,2041.503003
-1843.598334,5000,2147.357708
-394.891773,5000,2253.150888
-504.545602,5000,2359.811085
-1885.52741,5000,2465.227263
-541.109366,5000,2567.437409
-559.296224,5000,2668.877545
-559.297846,5000,2771.144692
-559.278574,5000,2879.579442
-558.810717,5000,2981.737586
-558.202585,5000,3084.005733
-559.221357,5000,3174.731658
-558.692554,5000,3265.425547
-558.512986,5000,3355.11444
-554.676188,5000,3451.074383
-1887.747579,5000,3545.972314
-1871.714486,5000,3639.438224
-1884.496748,5000,3737.549191
-1888.050681,5000,3846.674259
-1895.604633,5000,3952.936193
-1892.765917,5000,4058.577226
-1893.46206,5000,4166.231281
-1890.150378,5000,4274.571344
-1877.072443,5000,4380.365381
-381.423461,5000,4492.572989
-1910.599929,5000,4598.533035
-1890.772716,5000,4704.82907
-1891.339104,5000,4810.893114
-1890.182404,5000,4916.71915
-1886.39314,5000,5023.324075
-1864.538249,5000,5130.935166
-1835.341413,5000,5233.051167
-1852.230342,5000,5335.738173
-1836.325572,5000,5435.856158
-1839.165168,5000,5545.980247
-1829.582136,5000,5650.219257
-1838.502712,5000,5757.794313
-1846.837036,5000,5864.457358
-1850.442119,5000,5971.632412
-1839.493367,5000,6076.558437
-1830.934979,5000,6183.598483
-1834.231402,5000,6290.255528
-1835.643118,5000,6396.249567
-1837.538942,5000,6502.206604
-1809.038779,5000,6604.821614
-1793.152824,5000,6706.21557
-1770.882442,5000,6809.659375
-1728.077771,5000,6911.481298
-1730.603512,5000,7014.232233
-1785.466946,5000,7116.192164
-475.453927,5000,7218.030091
-1819.576071,5000,7319.453978
-1834.632751,5000,7426.164951
-1835.224374,5000,7527.539753
-1802.519216,5000,7628.448672
-434.812143,5000,7731.037609
-419.675305,5000,7833.253535
-1777.027072,5000,7933.987455
-1828.690911,5000,8035.493379
-1841.912085,5000,8136.758827
-1831.631812,5000,8238.849757
-1835.082604,5000,8340.709682
-1839.253169,5000,8441.879605
-1838.086973,5000,8543.892531
-1841.175184,5000,8647.2195
-1837.64508,5000,8748.506315
-1832.035449,5000,8851.271258
-1836.909995,5000,8953.938188
-1830.673226,5000,9055.321079
-1816.518528,5000,9157.644948
-1820.793512,5000,9259.72688
-1821.789292,5000,9360.969802
-1819.956419,5000,9462.164718
-1826.764299,5000,9564.623655
-1829.906997,5000,9667.038584
-1845.419905,5000,9769.962519
-1830.490964,5000,9872.924439
-1851.981668,5000,9972.935386
-1790.585636,5000,10074.825279
-544.96823,5000,10177.674213
-1873.094169,5000,10278.794136
-553.793053,5000,10380.182021
-559.000671,5000,10482.1179
-558.837069,5000,10583.11868
-557.873642,5000,10685.622564
-558.06349,5000,10787.191311
-1871.423938,5000,10889.131184
-1870.275899,5000,10990.770059
-1873.467463,5000,11091.774961
-1873.736833,5000,11192.351719
-1865.405473,5000,11293.662589
-1857.256813,5000,11393.84145
-497.641139,5000,11495.662326
-424.571397,5000,11597.479199
-442.922714,5000,11699.058076
-412.944031,5000,11800.134942
-449.522367,5000,11901.870817
-450.791682,5000,12003.51769
-406.475065,5000,12104.607559
-481.351227,5000,12206.360435
-363.977901,5000,12309.342256
-397.323869,5000,12411.582126
-388.80494,5000,12513.511003
-374.377544,5000,12615.383878
-389.084085,5000,12718.312694
-394.681132,5000,12820.253576
-374.813945,5000,12921.062435
-433.9899,5000,13022.973311
-451.99215,5000,13123.864137
-410.879418,5000,13224.843005
-423.175189,5000,13326.484879
-444.397867,5000,13429.070763
-428.379614,5000,13530.351685
-436.413011,5000,13632.092565
-403.275264,5000,13733.349432
-410.609054,5000,13834.947152
-411.21345,5000,13937.188025
-404.609854,5000,14039.189883
-375.057923,5000,14140.342731
-398.973761,5000,14241.40858
-407.535261,5000,14342.933433
-420.733622,5000,14443.635278
-457.510394,5000,14544.907129
-427.24396,5000,14647.007991
-442.367232,5000,14747.919836
-383.633214,5000,14848.682684
-382.856709,5000,14952.311552
-393.796483,5000,15055.25742
-371.066813,5000,15157.045228
-396.996532,5000,15258.113079
-403.644068,5000,15361.259998
-354.060681,5000,15464.003859
-392.047899,5000,15566.608718
-361.901105,5000,15668.534574
-388.05762,5000,15770.923438
-331.318043,5000,15875.214314
-277.753678,5000,15977.23717
-366.686146,5000,16079.154024
-1818.326316,5000,16181.785888
-350.756456,5000,16282.06573
-335.095993,5000,16382.479574
-375.088554,5000,16483.406437
-271.516299,5000,16584.482287
-383.070683,5000,16685.738041
-401.357838,5000,16786.488787
-371.087025,5000,16888.125644
-418.901669,5000,16992.306516
28.41908,5000,17094.574262
-785.386114,5000,17195.530113
-451.294875,5000,17297.224972
-405.737584,5000,17398.78468
-449.877346,5000,17499.836524
-433.283286,5000,17601.667375
-403.57876,5000,17703.460215
-410.567315,5000,17806.730072
-363.467011,5000,17908.973934
-374.416914,5000,18010.922772
-366.060803,5000,18113.780624
-352.125074,5000,18216.597377
-352.564344,5000,18319.229231
-364.324317,5000,18420.83007
-391.964485,5000,18522.326913
-213.695498,5000,18624.14376
-192.211317,5000,18726.67961
-370.338648,5000,18828.97646
-334.782583,5000,18931.270307
-289.490598,5000,19032.230147
-244.254208,5000,19133.745987
-262.073353,5000,19234.843828
-348.341438,5000,19337.154623
-43.126479,5000,19439.334469
-269.003839,5000,19540.944412
-348.165808,5000,19641.69225
-299.403205,5000,19742.754025
-488.637706,5000,19844.508873
-362.202542,5000,19947.108723
-392.739612,5000,20048.240517
-410.007568,5000,20148.72835
-414.244716,5000,20250.438196
-405.615351,5000,20351.932034
-354.914117,5000,20453.608878
-388.648237,5000,20555.736676
-411.9934,5000,20658.543464
-365.310558,5000,20760.825312
-384.27195,5000,20862.865102
-363.030551,5000,20964.293862
-380.485802,5000,21065.789707
-434.994046,5000,21167.701555
-445.624453,5000,21269.631906
-439.651266,5000,21372.037744
-445.966828,5000,21474.449583
-456.672602,5000,21575.526593
-408.285733,5000,21677.211642
-348.197235,5000,21778.740732
-396.352169,5000,21880.366833
-377.997327,5000,21981.719921
-300.414848,5000,22083.472026
-375.455807,5000,22184.652113
-344.832593,5000,22285.909159
-400.906698,5000,22387.43326
-343.967903,5000,22489.734414
-403.863092,5000,22590.676491
-352.896943,5000,22692.604599
-1810.63132,5000,22793.617684
-394.967358,5000,22894.546759
-380.268403,5000,22994.939783
-384.614438,5000,23097.65091
-429.767046,5000,23198.271945
-394.852766,5000,23299.978077
-391.549566,5000,23401.334009
-257.461147,5000,23503.534073
-412.641678,5000,23604.891165
-359.179211,5000,23706.148322
-342.340259,5000,23808.772452
-339.187181,5000,23910.640559
-306.78116,5000,24012.34766
-367.598015,5000,24113.94973
-359.078514,5000,24216.795865
-350.406995,5000,24317.413934
-348.783829,5000,24418.078003
-341.675961,5000,24518.903999
-427.476708,5000,24619.947082
-307.90097,5000,24721.68918
-413.848505,5000,24822.226248
-412.938482,5000,24936.982567
-429.304283,5000,25048.591967
-434.983799,5000,25152.813421
-367.15622,5000,25257.38658
-340.236581,5000,25374.316998
-118.402038,5000,25480.27807
-215.820044,5000,25583.500909
-359.860588,5000,25686.052031
-330.616195,5000,25786.605116
-330.018285,5000,25888.36922
-340.978395,5000,25990.825344
-318.819379,5000,26092.068437
-284.003218,5000,26192.327513
-325.706116,5000,26295.930659
-300.153649,5000,26397.624766
-306.249706,5000,26498.76186
-274.68813,5000,26599.938848
-272.069603,5000,26703.005985
-192.171083,5000,26804.040076
-268.84361,5000,26903.973142
-214.724846,5000,27003.452201
-281.998946,5000,27103.222111
-271.2769,5000,27204.033201
-295.67287,5000,27304.241276
-254.295902,5000,27404.288348
-271.706609,5000,27505.258435
-271.498669,5000,27606.526531
-230.346902,5000,27706.164504
-368.454632,5000,27805.962568
-288.095202,5000,27904.846612
-326.469945,5000,28005.200689
-324.564151,5000,28105.340763
-354.979229,5000,28205.409836
-347.557054,5000,28305.031896
-366.022223,5000,28405.05594
-304.070742,5000,28505.931026
-312.643861,5000,28606.545105
-325.20641,5000,28707.727036
-302.942627,5000,28807.926558
-341.0,5000,28909.0531
-302.503234,5000,29012.144665
-321.634594,5000,29112.3907
-307.93564,5000,29213.342238
-328.164605,5000,29316.63081
-330.828182,5000,29418.09825
-305.41493,5000,29519.962795
-262.25371,5000,29621.446338
-1806.259888,5000,29723.643932
-1844.207186,5000,29825.385481
-1836.066228,5000,29925.761908
-319.585499,5000,30027.044443
-323.414214,5000,30127.288928
-57.018191,5000,30228.591467
-368.86929,5000,30328.966995
-386.702296,5000,30430.091528
-330.577543,5000,30531.343066
-369.196239,5000,30631.778591
-347.43235,5000,30732.366127
-327.395339,5000,30834.210655
-291.497025,5000,30934.999186
-301.369838,5000,31035.602574
-321.350962,5000,31136.942117
-113.744241,5000,31238.807667
-303.906284,5000,31340.390204
-17.026709,5000,31440.926683
-304.89196,5000,31541.843217
-311.779115,5000,31643.883767
-322.286171,5000,31745.365311
-326.510714,5000,31847.293785
-330.4493,5000,31947.779347
-1804.43026,5000,32049.587815
-313.635021,5000,32150.352351
-307.890793,5000,32251.630888
94.380693,5000,32349.929158
-340.859401,5000,32441.902268
-314.326014,5000,32535.5534
-322.62006,5000,32626.569504
-353.914874,5000,32716.878636
-332.410137,5000,32807.340728
-149.899057,5000,32902.619881
-332.812861,5000,32993.745982
-340.638756,5000,33084.521085
-135.608698,5000,33174.902175
-364.704973,5000,33265.298269
23.547259,5000,33355.725367
-286.485798,5000,33446.401465
-317.906029,5000,33536.950553
-284.319822,5000,33627.707562
-506.289966,5000,33718.407666
-39.843027,5000,33809.316759
-341.342622,5000,33901.495889
-343.28375,5000,33992.133922
-346.747786,5000,34083.527061
-365.223663,5000,34174.004118
-305.304453,5000,34264.50894
-343.367784,5000,34355.524036
-385.109731,5000,34446.131019
-402.681406,5000,34536.522116
-339.658357,5000,34627.022204
-391.998415,5000,34719.206319
-375.063405,5000,34810.622354
-301.487135,5000,34902.061427
-365.011437,5000,34993.282531
-308.971516,5000,35083.80165
-331.506858,5000,35175.199752
-354.779218,5000,35266.589792
-350.722659,5000,35357.390889
-213.205828,5000,35447.311975
-361.288941,5000,35537.899075
-361.7522,5000,35627.935166
-362.27401,5000,35718.838263
-336.050813,5000,35809.431357
-305.739894,5000,35900.268421
-306.838523,5000,35991.154364
-377.675177,5000,36081.783339
-317.25236,5000,36173.030255
-328.36248,5000,36263.659202
25.04159,5000,36354.159203
-181.444883,5000,36445.254153
-1502.660674,5000,36536.525099
-335.410302,5000,36628.839056
-357.54787,5000,36720.089005
-154.7201,5000,36811.427955
-134.874402,5000,36902.603822
-314.646917,5000,36994.472779
-140.186791,5000,37086.344733
-348.028157,5000,37178.280684
-357.866016,5000,37269.413633
-243.322518,5000,37363.26461
-309.719843,5000,37456.078574
-330.062105,5000,37547.670507
-176.949063,5000,37639.115461
-174.959193,5000,37730.64941
-371.006216,5000,37821.693361
-280.821831,5000,37912.605253
-298.201649,5000,38003.362196
134.535008,5000,38094.898151
77.230297,5000,38185.158018
629.388353,5000,38275.902962
-316.083076,5000,38366.397903
-313.165216,5000,38457.605848
-395.945265,5000,38548.928832
459.825264,5000,38640.118751
86.857023,5000,38730.612723
-240.662797,5000,38821.233668
318.851776,5000,38911.228603
-238.454622,5000,39002.693586
-413.595538,5000,39093.7045
-9.320827,5000,39184.67345
-260.430578,5000,39275.497872
47.087495,5000,39366.415816
138.361395,5000,39458.279762
-253.901616,5000,39550.203646
-344.311523,5000,39641.306497
-90.435737,5000,39732.797357
2401.906081,5000,39824.060249
3107.573134,5000,39916.166084
2812.104983,5000,40008.187946
-391.458589,5000,40099.973809
-442.347757,5000,40191.608671
3345.158466,5000,40282.725527
-335.095667,5000,40373.768386
-150.441876,5000,40465.57925
-195.159995,5000,40556.78913
-147.14801,5000,40647.301955
635.03098,5000,40737.795841
1168.502197,5000,40828.255659
2752.033285,5000,40919.972522
-1146.716231,5000,41010.761371
3153.200481,5000,41103.553473
3013.001134,5000,41194.899218
3330.717077,5000,41285.829039
2994.581576,5000,41376.40289
3180.182631,5000,41466.815742
3129.160621,5000,41557.858596
3422.758371,5000,41649.564461
3275.657362,5000,41739.923381
2656.911944,5000,41830.419239
2833.312243,5000,41921.218089
-276.924471,5000,42012.431944
2850.70142,5000,42104.562809
3149.217082,5000,42195.688677
-405.15027,5000,42287.22753
-423.933545,5000,42378.920388
310.270371,5000,42470.373248
-236.963861,5000,42561.901153
-272.73819,5000,42653.004967
-1803.493179,5000,42743.908822
-402.428237,5000,42835.348679
-409.438958,5000,42926.502614
-379.612059,5000,43017.60647
-380.97462,5000,43108.022305
-421.335841,5000,43198.397109
-439.409654,5000,43289.357919
-435.075804,5000,43380.35873
-388.372833,5000,43471.155537
-311.121702,5000,43561.967346
-391.994607,5000,43653.449161
-287.454725,5000,43745.021972
-398.255438,5000,43836.295784
-325.660402,5000,43927.377597
-314.095563,5000,44018.067401
-206.996902,5000,44109.054227
-195.85006,5000,44200.009034
-22.987197,5000,44291.207849
-33.563298,5000,44382.237657
26.130152,5000,44473.463468
-61.19121,5000,44564.753281
59.237273,5000,44656.985101
-349.230244,5000,44748.320909
-45.747952,5000,44839.173748
-307.09876,5000,44929.684523
-287.14163,5000,45020.268358
-249.329566,5000,45111.072137
461.691132,5000,45202.586951
-269.16698,5000,45293.916764
3294.785294,5000,45385.007572
362.671501,5000,45475.386376
3719.263555,5000,45567.42118
-33.334718,5000,45658.398827
-41.061822,5000,45749.671642
258.29106,5000,45840.058444
2910.561571,5000,45930.644249
3286.041589,5000,46021.082054
1336.678464,5000,46112.538871
507.032337,5000,46204.194687
302.7121,5000,46294.947458
1777.461984,5000,46385.982268
3509.864721,5000,46480.157228
-19.750768,5000,46583.526175
2944.08621,5000,46671.077931
2999.162781,5000,46763.168722
3386.109903,5000,46852.020489
3092.133357,5000,46940.47325
3292.100559,5000,47027.822998
3493.137612,5000,47114.882808
3769.534658,5000,47202.091561
3344.459856,5000,47288.841343
3096.207177,5000,47375.955056
3327.655992,5000,47462.718799
3578.120106,5000,47549.093543
3892.014338,5000,47635.198285
3753.469649,5000,47721.317533
909.479433,5000,47807.581274
4162.76293,5000,47894.594035
3668.414099,5000,47981.538807
1422.667499,5000,48068.18644
3585.184352,5000,48154.650156
509.3882,5000,48241.510903
4109.818681,5000,48327.548643
4199.521781,5000,48413.821388
4220.242606,5000,48499.756127
4016.884569,5000,48586.864847
3963.715627,5000,48673.717555
3970.712556,5000,48762.547322
4089.1958,5000,48849.760073
4066.706958,5000,48937.441829
3846.580349,5000,49024.942579
4148.57141,5000,49112.778362
4069.175922,5000,49200.194109
3802.005507,5000,49288.27284
4235.581681,5000,49375.39959
3845.095788,5000,49463.294349
4012.951129,5000,49551.391104
4015.098643,5000,49639.409861
3935.302534,5000,49727.628618
3953.086925,5000,49815.400374
3959.353741,5000,49903.536136
3900.841755,5000,49991.810894
3843.382055,5000,50079.509568
3973.371514,5000,50167.732325
4004.550306,5000,50257.123098
3940.624391,5000,50344.140801
3917.986191,5000,50431.97657
4110.401469,5000,50519.415275
4093.037044,5000,50606.763004
3999.071836,5000,50693.866773
3993.39162,5000,50780.525468
3908.794626,5000,50868.599203
3883.34286,5000,50956.26094
3830.764538,5000,51043.963676
3750.414362,5000,51131.251409
3867.290618,5000,51218.265144
3942.43447,5000,51305.09791
3867.911352,5000,51392.217613
4024.932519,5000,51479.730351
4034.615852,5000,51566.90908
3883.359128,5000,51654.299849
3862.585549,5000,51741.848577
3728.209389,5000,51829.22122
3925.401164,5000,51917.251972
4028.198348,5000,52004.975744
3827.561679,5000,52092.611444
3895.995833,5000,52180.156183
3925.15218,5000,52268.008918
3933.850258,5000,52355.805659
4017.000378,5000,52443.753395
3987.758566,5000,52531.492135
4183.502165,5000,52619.219868
4201.556882,5000,52707.450636
4210.469412,5000,52794.696346
4150.830735,5000,52882.373082
3956.496279,5000,52970.347857
3942.311388,5000,53058.355559
3994.935925,5000,53146.119298
3999.771399,5000,53233.42504
4006.545629,5000,53321.340799
4030.193167,5000,53408.6935
3838.604944,5000,53495.613234
3998.376104,5000,53581.980958
3890.02055,5000,53669.178688
3931.139405,5000,53756.556426
3762.164118,5000,53844.106157
3851.081994,5000,53931.521852
4013.731158,5000,54019.112478
3862.814308,5000,54106.706064
4045.025997,5000,54193.722786
3765.948202,5000,54280.518221
3830.258298,5000,54367.887737
3727.648182,5000,54454.960245
3981.78089,5000,54542.628807
3811.07349,5000,54629.594281
3977.831306,5000,54717.317804
3924.97357,5000,54804.796323
3866.949724,5000,54892.867856
3967.169256,5000,54980.637351
3942.65585,5000,55068.251874
3918.839984,5000,55156.114404
3880.901493,5000,55244.297944
4129.631828,5000,55332.296476
3961.415841,5000,55420.474997
4110.753886,5000,55508.373493
4029.135673,5000,55596.131021
4076.969395,5000,55683.60954
4176.124013,5000,55772.3901
4036.12011,5000,55859.98462
4025.314511,5000,55947.891184
4089.17005,5000,56035.791686
4136.070915,5000,56123.189735
4094.180647,5000,56210.608252
4037.71275,5000,56298.053802
4163.702169,5000,56385.305284
4176.107861,5000,56472.710801
4102.375507,5000,56559.802359
4107.611862,5000,56647.257824
4132.802578,5000,56734.61034
3941.086582,5000,56821.712886
3980.527528,5000,56909.080365
3892.467163,5000,56996.075872
4013.954269,5000,57082.697366
3976.560046,5000,57170.613899
3960.033439,5000,57261.947531
3946.553231,5000,57349.304044
4213.148287,5000,57436.805601
4315.3251,5000,57523.997075
4262.803604,5000,57611.516622
4247.394882,5000,57699.360126
4334.208515,5000,57787.035652
4132.643769,5000,57874.638926
4331.419541,5000,57962.467664
4472.110336,5000,58050.759417
4152.544377,5000,58139.2411
4164.851826,5000,58227.782827
3909.056059,5000,58316.104579
4137.250212,5000,58404.532326
4167.425902,5000,58492.532069
4242.117065,5000,58580.84582
4216.430525,5000,58668.18255
4242.840442,5000,58756.282291
4140.15013,5000,58844.045034
4149.147064,5000,58932.482783
4288.220232,5000,59020.783554
4356.282078,5000,59109.166245
4244.729281,5000,59196.827894
4273.033865,5000,59284.06759
4054.535337,5000,59370.94731
4088.071017,5000,59458.006034
4301.008844,5000,59544.355775
4043.541522,5000,59632.091478
3970.161405,5000,59718.843195
4184.891853,5000,59806.118956
4085.190653,5000,59893.228649
3984.327381,5000,59980.360376
4016.7949,5000,60067.221122
4186.022284,5000,60153.880844
4122.352986,5000,60240.341524
4095.579576,5000,60327.038281
4059.993102,5000,60413.986001
4306.742073,5000,60500.826723
4112.702419,5000,60587.840444
4136.622435,5000,60675.670194
4147.313251,5000,60763.37792
4240.100584,5000,60851.577667
4156.977523,5000,60939.087402
4166.361778,5000,61027.609155
4073.172834,5000,61115.689865
4096.596422,5000,61203.723583
3986.748195,5000,61291.233315
4027.939743,5000,61379.494064
4255.427381,5000,61467.693699
3995.101227,5000,61555.951993
4138.226448,5000,61644.124292
3895.67642,5000,61732.391587
3860.510332,5000,61820.411888
3874.568898,5000,61908.796182
3958.343163,5000,61996.461471
4033.623246,5000,62083.660866
3942.934035,5000,62170.80217
3941.092259,5000,62258.301476
4061.999798,5000,62345.920748
4095.760618,5000,62433.15503
4003.104067,5000,62520.496311
4002.391143,5000,62608.32057
4205.6763,5000,62696.603893
4183.222205,5000,62784.247155
4067.414278,5000,62871.325438
4055.609892,5000,62957.584665
4037.908645,5000,63044.021936
4038.888635,5000,63130.758215
4218.150925,5000,63217.947493
4050.782063,5000,63304.850283
4196.364636,5000,63392.258597
4305.369353,5000,63479.721854
4292.940983,5000,63566.818162
4306.892294,5000,63654.61338
4178.309397,5000,63742.897674
4175.943434,5000,63830.611963
4248.625051,5000,63918.223253
4192.421307,5000,64005.574535
4287.441966,5000,64093.583831
4208.766342,5000,64181.89313
4271.668724,5000,64269.773418
4425.826638,5000,64362.890788
4178.371182,5000,64458.949506
4200.845886,5000,64546.533084
4236.484755,5000,64632.06891
4290.464185,5000,64719.336673
4182.295831,5000,64808.088094
4076.529498,5000,64894.283618
4175.183541,5000,64980.510318
4233.608116,5000,65068.061994
4213.981651,5000,65152.90613
4185.025786,5000,65237.8654
4388.279068,5000,65323.238013
4349.9224,5000,65408.01635
4298.360708,5000,65492.951051
4611.144106,5000,65578.39254
4413.628573,5000,65666.505696
4415.603343,5000,65751.713461
4518.360185,5000,65836.630811
4534.89182,5000,65921.982298
4714.460915,5000,66007.612685
4661.661086,5000,66093.265979
4554.911278,5000,66178.856034
4692.799788,5000,66264.033394
4648.984853,5000,66347.815813
4534.0785,5000,66433.077548
4690.40357,5000,66518.638346
4345.641109,5000,66604.108662
4379.176339,5000,66688.684564
4428.632546,5000,66773.473169
4633.798826,5000,66857.920475
4765.616054,5000,66943.393914
4819.815827,5000,67028.089635
4775.924294,5000,67113.570129
4843.561939,5000,67198.616873
4846.595766,5000,67284.119167
4842.037192,5000,67369.190507
4774.689636,5000,67454.685247
4801.103297,5000,67539.657557
4816.558341,5000,67624.864567
4765.575563,5000,67709.646339
4555.21041,5000,67794.698588
4554.299818,5000,67879.62842
4107.871496,5000,67964.715598
4618.706902,5000,68049.896134
3938.899246,5000,68135.228774
4848.254064,5000,68220.795532
4837.961685,5000,68306.469678
4912.18065,5000,68391.826633
4936.137504,5000,68477.385222
4974.47907,5000,68562.971728
4967.317265,5000,68648.696195
4968.918578,5000,68734.565685
4942.270863,5000,68820.039055
4946.475547,5000,68905.109086
4966.397702,5000,68990.83847
4927.704443,5000,69075.999868
4982.893123,5000,69160.806102
457.302329,5000,69245.635589
4254.909399,5000,69331.177654
4980.335336,5000,69416.07391
4969.44078,5000,69501.404041
4804.446737,5000,69586.837853
4810.935789,5000,69671.73005
4836.429596,5000,69757.275389
4570.185639,5000,69843.146062
4526.018459,5000,69928.467234
4812.687104,5000,70013.854432
4877.901794,5000,70099.232025
4409.297304,5000,70184.404557
4217.62479,5000,70268.848842
4946.129744,5000,70354.270069
4341.181955,5000,70439.230581
4681.823617,5000,70524.124038
4662.823105,5000,70609.072219
4698.434568,5000,70693.757654
4814.375816,5000,70778.648913
4630.620035,5000,70863.849326
4479.772899,5000,70949.003479
4514.541267,5000,71034.350695
4538.67748,5000,71119.13983
4190.788963,5000,71204.271382
4477.935729,5000,71288.764705
4437.775884,5000,71373.781758
4733.949054,5000,71459.253328
4865.757717,5000,71546.633884
4847.065207,5000,71632.801382
4964.617994,5000,71719.638525
4810.130359,5000,71805.241715
4956.487369,5000,71890.595352
4961.32876,5000,71976.225982
4919.452029,5000,72061.446308
4930.122511,5000,72146.566427
4900.335904,5000,72232.10607
4989.087868,5000,72317.522958
5033.13152,5000,72402.963377
5039.621933,5000,72488.353621
4882.282884,5000,72574.20592
5065.144334,5000,72659.388
5117.938723,5000,72744.290942
4952.391439,5000,72829.805492
5047.303297,5000,72914.899019
4994.182343,5000,72999.632061
5090.179918,5000,73085.115469
5078.302601,5000,73170.214814
4709.166606,5000,73255.155113
4552.426237,5000,73340.016461
4709.524641,5000,73426.410043
4577.173766,5000,73511.557822
4541.371008,5000,73596.699024
4548.03882,5000,73681.370294
4636.876798,5000,73766.216467
4524.162773,5000,73851.246058
4748.980035,5000,73936.336231
4805.031622,5000,74021.512744
4639.390313,5000,74106.637896
4644.738729,5000,74191.892141
4855.838341,5000,74277.098458
4976.03278,5000,74362.293727
5047.505743,5000,74447.832026
5198.480666,5000,74533.653673
4893.058588,5000,74618.334258
4832.928635,5000,74703.210445
4850.785561,5000,74788.322026
4964.417627,5000,74873.125239
4915.618423,5000,74958.398011
4906.539087,5000,75043.005388
4872.285116,5000,75128.498445
4878.514519,5000,75213.704897
4954.355373,5000,75298.848626
4972.607221,5000,75384.441187
4945.195079,5000,75469.436421
4799.744535,5000,75554.672965
4827.84701,5000,75639.647092
4822.50064,5000,75724.941504
4713.282487,5000,75815.499007
4820.735197,5000,75902.897905
4853.868216,5000,75989.540889
4883.675566,5000,76077.054928
4698.523941,5000,76164.588012
4863.139033,5000,76251.76207
4775.691579,5000,76338.532153
4855.331522,5000,76426.288077
4898.70415,5000,76512.511018
4952.482977,5000,76597.958525
4685.586983,5000,76683.345675
4680.590818,5000,76768.651981
4969.354559,5000,76854.031817
4914.18212,5000,76939.049782
4945.105273,5000,77024.656269
5037.638107,5000,77110.307248
4773.177543,5000,77195.245318
4885.000557,5000,77280.40117
4788.004555,5000,77365.724552
4953.187367,5000,77450.993816
4824.127245,5000,77536.024209
4497.773404,5000,77621.656558
4959.023219,5000,77706.710096
4878.311849,5000,77792.049414
4875.460947,5000,77877.813734
4885.973428,5000,77962.66175
4887.205234,5000,78047.844174
5022.687591,5000,78133.18351
4983.753523,5000,78217.930358
4902.770857,5000,78302.70866
4918.371589,5000,78387.973822
4966.997477,5000,78472.890143
4821.94095,5000,78558.160305
4921.924598,5000,78643.457674
4989.21559,5000,78728.612778
4943.715007,5000,78813.605161
4932.234271,5000,78898.918648
4870.53391,5000,78984.684371
4928.929045,5000,79070.22377
4911.762451,5000,79155.2119
4950.643021,5000,79241.008664
4903.447613,5000,79326.27716
4904.574924,5000,79411.94433
4897.647218,5000,79497.461177
4953.954635,5000,79582.989235
5032.563398,5000,79669.50545
4983.502392,5000,79755.822079
5003.937985,5000,79840.851721
4866.575794,5000,79926.113775
4817.416671,5000,80012.166768
4992.382389,5000,80096.143661
5027.385488,5000,80182.017879
4726.874849,5000,80267.394258
5015.746389,5000,80352.977786
5088.071475,5000,80438.426081
5007.527156,5000,80522.830375
5133.3665,5000,80608.08864
5022.570016,5000,80693.641692
4999.58083,5000,80778.77688
4958.923222,5000,80863.922299
5040.849802,5000,80948.844311
4992.559845,5000,81035.275626
4958.327227,5000,81120.709433
4908.320022,5000,81206.328756
4976.924109,5000,81291.345877
4987.302054,5000,81376.811956
4972.285735,5000,81461.810227
4933.74272,5000,81547.543397
4787.832802,5000,81633.496583
4780.450083,5000,81718.972987
4956.487166,5000,81804.098004
4950.011121,5000,81889.073129
4968.216131,5000,81974.62013
4952.055856,5000,82059.694286
4953.819486,5000,82144.123768
4971.268208,5000,82228.998099
4978.828683,5000,82314.263192
5119.217524,5000,82399.436138
5001.674107,5000,82484.946383
5049.344833,5000,82570.002553
4988.328853,5000,82655.418745
4995.939382,5000,82740.769916
4927.622492,5000,82826.193985
4910.185132,5000,82911.68529
4940.410876,5000,82996.877568
4949.680824,5000,83082.282703
4920.872798,5000,83167.942963
4893.839367,5000,83253.70528
4879.366383,5000,83338.767426
4792.441575,5000,83424.244913
4760.636144,5000,83509.962979
4967.453396,5000,83595.484904
4919.059459,5000,83680.815854
4904.721347,5000,83766.004929
4919.299653,5000,83850.936105
4872.300576,5000,83936.461579
4902.573975,5000,84021.250513
4942.089904,5000,84106.5276
4833.284712,5000,84191.980319
4820.088871,5000,84278.061511
4760.445418,5000,84363.452486
5122.074422,5000,84449.381022
5027.745165,5000,84534.840646
5049.50385,5000,84619.048734
4967.564522,5000,84704.937917
4923.261933,5000,84789.876272
4995.608682,5000,84875.678523
4084.004625,5000,84960.572968
4964.508426,5000,85045.914035
4697.190139,5000,85131.161169
4944.540745,5000,85216.757491
4943.112382,5000,85301.790628
4840.732179,5000,85387.692106
4791.954771,5000,85472.850431
4906.705412,5000,85557.710904
4634.271249,5000,85643.4412
5006.990084,5000,85728.897722
5065.501653,5000,85814.394714
4750.930781,5000,85899.136898
4896.582647,5000,85984.063244
4920.212261,5000,86069.680691
4812.133182,5000,86154.717703
5002.466123,5000,86239.614916
4888.579751,5000,86324.472064
4925.388717,5000,86409.440964
4929.342073,5000,86494.63409
4918.08541,5000,86579.807415
4852.479502,5000,86664.902748
4862.617477,5000,86750.756376
4865.747575,5000,86835.972789
4858.463956,5000,86921.083871
4886.397658,5000,87006.651043
4884.825995,5000,87091.497449
4804.202722,5000,87176.042305
4786.231124,5000,87261.51055
4939.518881,5000,87346.693531
4953.985417,5000,87432.503949
4863.362109,5000,87518.087226
4715.253082,5000,87603.487064
4971.746124,5000,87688.987019
4948.39661,5000,87774.231893
-1800.353424,5000,87859.673027
4065.555583,5000,87944.39691
4799.016069,5000,88029.156615
4738.927889,5000,88114.500603
4804.429759,5000,88199.253441
4692.898422,5000,88284.40242
4866.790908,5000,88369.146042
4863.220726,5000,88454.780761
4895.074471,5000,88540.009859
4919.261088,5000,88624.949543
4880.689368,5000,88709.938583
4872.848944,5000,88794.808691
856.364894,5000,88880.434521
5017.878547,5000,88965.927674
4761.322176,5000,89051.295506
4856.752478,5000,89136.370089
5012.454669,5000,89221.939192
5013.7496,5000,89306.715177
4939.595396,5000,89391.848496
4995.381949,5000,89476.803417
4775.405845,5000,89562.117219
5036.818811,5000,89646.940779
4461.956359,5000,89732.051752
4934.293407,5000,89817.136636
5044.226424,5000,89902.594373
4972.467852,5000,89988.109128
4926.530775,5000,90072.635936
4957.988491,5000,90158.017836
4908.590727,5000,90243.624802
4703.677956,5000,90329.412915
4867.194707,5000,90414.46059
4894.920371,5000,90500.081459
4888.442243,5000,90585.601375
4928.543475,5000,90670.43322
4933.876942,5000,90755.575212
4944.664376,5000,90840.576183
4941.641065,5000,90925.985457
4794.656024,5000,91011.550501
80.823185,5000,91096.746897
4945.898054,5000,91182.154879
4891.610903,5000,91266.865925
4950.496176,5000,91352.482047
4924.682265,5000,91437.846104
4946.28697,5000,91523.751269
4898.412312,5000,91609.093666
-406.926067,5000,91694.676863
-1602.558147,5000,91780.404015
4735.520487,5000,91865.256287
4986.758031,5000,91950.826389
-1631.843428,5000,92036.497725
4890.577761,5000,92120.921907
5009.121058,5000,92206.332051
4987.255405,5000,92291.609944
5015.914478,5000,92376.758754
5124.180771,5000,92462.165274
4881.421138,5000,92547.735187
4856.638657,5000,92632.865471
4901.453863,5000,92718.215079
4908.369625,5000,92803.642265
4688.862984,5000,92889.383363
4886.421152,5000,92973.521492
4908.993895,5000,93058.699805
4909.157111,5000,93143.885954
4918.023192,5000,93228.465266
4591.969669,5000,93313.46699
4964.135817,5000,93398.762016
5054.223496,5000,93484.293578
4977.280534,5000,93569.543637
4911.345497,5000,93655.272735
4934.121952,5000,93740.797037
4968.138923,5000,93826.721391
4917.502867,5000,93911.489369
4998.61783,5000,93997.132491
4986.123314,5000,94082.13471
4980.451056,5000,94167.787549
4958.471762,5000,94255.021166
5021.341267,5000,94340.517838
4949.763223,5000,94425.78262
4909.162285,5000,94511.726623
3535.939119,5000,94597.158957
4716.977842,5000,94681.954737
4623.306407,5000,94767.240486
4929.851327,5000,94852.598297
4889.796409,5000,94937.840018
4935.235842,5000,95023.129678
4969.103605,5000,95108.684234
4797.238133,5000,95194.074252
4939.282644,5000,95279.459004
4841.674971,5000,95364.796919
4787.074895,5000,95449.941547
4850.627049,5000,95535.446192
4796.113752,5000,95620.931597
5031.695231,5000,95706.28678
4959.790003,5000,95791.492852
5114.515062,5000,95877.360613
4937.163079,5000,95962.847761
5006.831211,5000,96048.274557
4884.419567,5000,96133.864353
4935.012571,5000,96218.985243
4977.708562,5000,96304.01086
4992.527441,5000,96389.627639
4881.066013,5000,96474.831607
4891.972021,5000,96560.628491
4695.022557,5000,96645.600265
5030.407028,5000,96731.219211
4936.824245,5000,96816.921082
4691.558604,5000,96902.137361
4993.339791,5000,96987.281987
5164.433213,5000,97072.109663
5043.108944,5000,97156.524537
4956.098746,5000,97241.575296
5073.761451,5000,97327.729878
4985.779207,5000,97413.428285
4981.070574,5000,97498.796378
5023.539156,5000,97584.234396
5079.849527,5000,97669.873011
4943.4828,5000,97755.07008
4465.507018,5000,97840.404712
4186.150802,5000,97925.108934
4876.011828,5000,98010.163093
4888.67858,5000,98095.163849
4987.03454,5000,98180.316271
4802.234322,5000,98266.021775
4686.398685,5000,98351.241399
4868.07979,5000,98436.342968
4933.527048,5000,98521.526613
574.971788,5000,98606.663264
4784.605258,5000,98692.484725
4659.922022,5000,98777.676356
4924.396462,5000,98862.050764
4943.099454,5000,98947.630605
4987.822912,5000,99032.691187
4987.811743,5000,99118.480694
4953.87532,5000,99203.737262
4929.464662,5000,99288.470815
4971.837191,5000,99374.448938
4953.873683,5000,99459.885441
4962.251207,5000,99544.513159
4989.022204,5000,99629.733807
4997.285404,5000,99714.908392
4974.573867,5000,99799.865887
4898.261094,5000,99884.959383
4988.736685,5000,99970.007206
4992.013382,5000,100055.486763
4996.336129,5000,100140.680348
4992.55465,5000,100225.869539
4995.571501,5000,100310.739112
4985.619085,5000,100396.062778
4987.650984,5000,100480.927768
5001.042102,5000,100569.807374
4969.20052,5000,100656.49181
4976.972917,5000,100742.775279
4971.759121,5000,100834.860984
4960.978669,5000,100924.769052
5008.048084,5000,101011.3581
4997.885072,5000,101097.514428
4995.885487,5000,101182.824078
4990.049699,5000,101268.282389
-1436.265058,5000,101352.333556
5152.2986,5000,101438.320787
4992.446176,5000,101523.837183
4930.627827,5000,101609.481767
4951.654902,5000,101694.78409
5054.824534,5000,101779.915621
4993.131058,5000,101866.109195
5023.093081,5000,101951.328938
4970.928212,5000,102036.803609
4988.523492,5000,102122.031956
5012.286993,5000,102207.667403
4981.350034,5000,102293.744611
4980.370167,5000,102379.25508
4901.452174,5000,102464.850657
4825.420952,5000,102549.832229
4911.528371,5000,102635.484648
4992.329523,5000,102720.69739
4999.389075,5000,102806.112835
4988.94307,5000,102891.557121
4956.666792,5000,102976.819765
4987.322174,5000,103062.170114
4971.339082,5000,103147.302335
4917.383493,5000,103232.406609
4940.100889,5000,103318.198206
4906.297127,5000,103403.499635
4169.611405,5000,103488.232545
4818.870992,5000,103573.624859
4947.662755,5000,103659.07259
4960.411859,5000,103743.712731
4998.318769,5000,103828.550219
4990.675905,5000,103913.705631
4853.601834,5000,103998.962944
5085.122608,5000,104084.165498
4855.950642,5000,104169.570084
4929.608492,5000,104254.375331
4973.394266,5000,104339.496616
5066.076897,5000,104425.475121
5056.680301,5000,104511.281704
5079.784811,5000,104596.42681
4937.873153,5000,104682.213876
5053.63754,5000,104767.287309
4932.682124,5000,104852.559735
4988.361501,5000,104938.076964
4994.216133,5000,105023.357128
4941.809523,5000,105108.723417
4956.129391,5000,105194.504594
4949.257959,5000,105280.172748
5077.626572,5000,105365.081416
4985.899,5000,105450.47786
5148.029635,5000,105535.749774
5099.785208,5000,105621.141361
18.724599,5000,105706.804495
4861.904297,5000,105792.579952
-94.410409,5000,105878.938355
2050.025153,5000,105964.379183
1687.552552,5000,106049.685703
-239.376586,5000,106135.362255
35.596255,5000,106220.604716
-184.235727,5000,106306.241957
-358.079768,5000,106391.925453
-369.617574,5000,106477.60388
-390.682835,5000,106562.838226
-310.84321,5000,106648.297857
4495.065866,5000,106734.003371
385.514302,5000,106819.371662
-289.771118,5000,106905.151946
315.410716,5000,106990.064003
-328.195686,5000,107075.270111
-371.516846,5000,107160.431
-30.816653,5000,107245.725218
4871.365452,5000,107330.89552
4950.097427,5000,107416.630117
4986.176399,5000,107502.041373
4979.24385,5000,107587.526956
4957.941332,5000,107672.952217
4987.188661,5000,107758.100938
4799.532749,5000,107844.563019
4995.46104,5000,107930.252505
4975.895767,5000,108015.774011
4995.146772,5000,108101.322757
4975.435785,5000,108186.875036
5017.99829,5000,108272.69203
5014.349555,5000,108358.900536
4994.711885,5000,108444.989932
4989.34591,5000,108530.604276
5001.156321,5000,108616.379414
4895.833228,5000,108701.844095
4954.966346,5000,108787.834327
4726.675566,5000,108872.653665
5015.777887,5000,108958.326028
5004.337912,5000,109043.643281
4987.185735,5000,109129.269555
5023.756402,5000,109215.113867
5080.874817,5000,109300.367788
4997.007147,5000,109386.145131
4972.662979,5000,109472.316499
5009.0676,5000,109557.183157
4978.144391,5000,109642.631565
5011.070161,5000,109727.996081
4739.515703,5000,109813.85438
4996.307444,5000,109898.91422
4881.192115,5000,109985.229794
4998.977988,5000,110070.450069
4996.997727,5000,110157.248394
4990.577656,5000,110242.843262
4969.535564,5000,110329.118555
4993.042019,5000,110414.146735
4986.927787,5000,110499.25279
4982.946955,5000,110584.114263
1530.284506,5000,110669.967696
-190.029213,5000,110755.040923
-192.909709,5000,110840.934303
5091.703829,5000,110926.327436
-343.57952,5000,111011.91174
4975.306597,5000,111097.585227
4881.596102,5000,111182.867206
5012.060065,5000,111268.083177
4835.940327,5000,111353.231194
4886.973934,5000,111438.369931
4856.220508,5000,111524.174195
4991.981949,5000,111609.444297
-9.589148,5000,111695.101386
4779.012963,5000,111780.431675
4979.773765,5000,111865.338435
4923.114018,5000,111950.49243
4893.824381,5000,112035.89495
4922.434742,5000,112121.301094
4804.576228,5000,112206.954111
5115.547645,5000,112292.0575
4959.754948,5000,112377.687515
4996.681266,5000,112462.626883
4960.814361,5000,112549.110843
4977.287454,5000,112634.388058
4985.467829,5000,112720.073394
5039.138611,5000,112806.488155
4992.218411,5000,112891.101623
4962.302724,5000,112975.902833
4953.146694,5000,113064.780943
4990.213126,5000,113152.476004
4910.783951,5000,113240.681139
5006.089562,5000,113329.362155
-225.383477,5000,113416.344176
-50.943716,5000,113502.855033
4980.853953,5000,113588.642967
4979.055935,5000,113675.155849
4922.489467,5000,113760.616745
4959.023647,5000,113846.420942
4937.132749,5000,113932.320155
4968.827153,5000,114018.134856
5011.403827,5000,114104.580754
4982.786575,5000,114189.96379
4994.84236,5000,114275.26473
4526.328249,5000,114361.089089
4997.44802,5000,114446.632358
4957.73564,5000,114532.153394
5001.659158,5000,114618.102551
4995.75744,5000,114703.747508
4874.548886,5000,114789.0304
4990.581258,5000,114874.609766
4994.908932,5000,114960.196939
4992.05063,5000,115045.215413
4993.241655,5000,115131.083413
4996.434465,5000,115217.00958
5000.243112,5000,115303.144977
4991.879478,5000,115388.802151
4991.331365,5000,115474.308555
4907.259588,5000,115559.761637
4915.399883,5000,115645.268631
4982.878525,5000,115730.407929
4916.423255,5000,115815.690988
5140.27928,5000,115901.76435
5013.561565,5000,115987.490558
4999.740233,5000,116073.546705
4976.402514,5000,116159.254636
4992.773684,5000,116244.638603
5005.644187,5000,116331.69068
4957.284516,5000,116417.179826
4982.87254,5000,116503.06514
4905.490478,5000,116589.628105
4757.183278,5000,116675.859029
4924.444265,5000,116761.944123
4905.851126,5000,116848.068018
4904.522937,5000,116933.890201
4929.263672,5000,117019.802266
5015.866408,5000,117105.047243
4968.724292,5000,117192.472848
4742.528829,5000,117277.160153
4947.106153,5000,117362.600217
4952.72178,5000,117450.334581
4935.410442,5000,117536.189564
4953.874484,5000,117621.512657
-1151.668133,5000,117707.712945
4949.780589,5000,117793.576072
4971.361385,5000,117881.714239
4954.046115,5000,117968.699453
5017.276354,5000,118056.018876
4992.115691,5000,118143.0814
5008.165958,5000,118230.142274
5005.51585,5000,118316.584559
4978.103948,5000,118403.55659
4990.803296,5000,118490.116966
4983.672374,5000,118577.213078
4951.546357,5000,118663.501051
4998.49029,5000,118749.556948
4939.977739,5000,118836.015241
4976.467778,5000,118923.564518
4680.878789,5000,119011.487687
4840.297847,5000,119098.973352
4959.993,5000,119187.066378
4728.180518,5000,119273.96628
4971.483628,5000,119360.726775
5009.474361,5000,119448.541857
4551.951788,5000,119536.288758
5134.148743,5000,119623.489786
4930.063296,5000,119710.890399
4807.682004,5000,119798.079654
4613.674354,5000,119885.440495
4856.506306,5000,119973.153264
4947.387729,5000,120060.212977
4901.960027,5000,120148.050298
2618.185558,5000,120235.917012
5056.719369,5000,120323.259778
4832.482272,5000,120410.766727
4864.548033,5000,120497.148406
4927.812369,5000,120584.461403
4769.848732,5000,120670.965148
4735.843236,5000,120758.199938
4888.417401,5000,120845.930234
4898.437182,5000,120932.988069
4925.787048,5000,121020.587702
4923.532984,5000,121107.756343
4996.692953,5000,121195.277962
4899.764617,5000,121283.134064
4794.529501,5000,121370.754821
4914.104476,5000,121459.16185
4992.29999,5000,121546.686856
4696.349763,5000,121633.859456
4513.596115,5000,121721.971481
4956.215304,5000,121809.49761
4686.546103,5000,121896.571705
4716.046601,5000,121984.140694
4747.434948,5000,122071.793195
4940.011903,5000,122159.210929
4878.474171,5000,122246.299667
4914.205101,5000,122333.916909
4726.011016,5000,122421.665787
4966.325691,5000,122509.51787
4835.529706,5000,122597.771974
4695.816602,5000,122686.118571
4916.111791,5000,122773.248402
4750.883543,5000,122860.750132
4782.212008,5000,122948.240259
4965.340696,5000,123035.169846
4961.574593,5000,123123.029625
4539.237813,5000,123210.399516
4954.386201,5000,123297.833425
4930.616324,5000,123385.589706
4865.425802,5000,123473.360961
5008.244743,5000,123560.593503
4981.322031,5000,123647.998725
4960.266201,5000,123736.084102
4212.565989,5000,123823.596326
4473.249214,5000,123911.312063
4792.625641,5000,123999.003505
4911.085506,5000,124086.570625
4832.755126,5000,124174.234171
-188.621534,5000,124260.769182
4884.97341,5000,124348.29422
4993.920935,5000,124436.125467
4759.040888,5000,124523.764683
-143.59865,5000,124611.404571
4858.759283,5000,124698.825834
4458.50329,5000,124786.563871
4958.881852,5000,124873.717618
4947.640374,5000,124960.494605
5077.40781,5000,125047.27738
4639.753856,5000,125134.402031
4988.327202,5000,125220.905407
3450.931052,5000,125308.95306
4721.777828,5000,125396.201334
4906.004556,5000,125483.492768
4794.746193,5000,125571.233914
4923.070472,5000,125659.881983
4274.953777,5000,125747.48954
4887.216465,5000,125834.90887
4981.506658,5000,125921.745205
4985.030873,5000,126009.740641
4968.955362,5000,126096.449027
4983.158278,5000,126184.196487
4981.920163,5000,126271.531455
5004.385727,5000,126358.79465
4960.411808,5000,126446.399086
5113.0088,5000,126544.702186
4982.450618,5000,126632.663234
4988.083987,5000,126719.900218
4777.943221,5000,126807.679423
4930.84535,5000,126895.70325
4935.861028,5000,126983.144472
5008.929685,5000,127070.993392
4946.254513,5000,127157.742084
4993.49278,5000,127245.29787
4996.532553,5000,127332.97763
4964.896099,5000,127419.497128
4807.645757,5000,127507.492573
5011.72542,5000,127594.349836
4994.910501,5000,127682.025489
4923.455128,5000,127769.50256
5049.209451,5000,127856.658136
4895.486548,5000,127943.902021
4955.674991,5000,128031.782502
4930.880132,5000,128119.627266
4973.576996,5000,128206.186185
4919.088255,5000,128292.865742
4956.024536,5000,128380.002589
5003.640674,5000,128467.48479
4999.283847,5000,128554.748467
4992.880557,5000,128642.460126
4997.851905,5000,128729.889856
5001.624941,5000,128817.107567
2683.807559,5000,128904.750473
4992.054326,5000,128992.186037
4947.712285,5000,129080.424007
5002.129255,5000,129168.483922
534.063761,5000,129255.765757
5163.848166,5000,129342.571152
5057.507604,5000,129430.388971
4914.610774,5000,129518.149855
4977.435022,5000,129605.458626
-317.639323,5000,129692.488465
-246.405487,5000,129780.037212
4748.89444,5000,129867.536896
577.260099,5000,129954.851628
4917.759498,5000,130042.779641
4184.460271,5000,130130.31856
4795.175602,5000,130218.027508
4859.010806,5000,130305.736009
4966.25728,5000,130393.464092
5011.997852,5000,130481.185991
4979.582111,5000,130568.637816
4984.029981,5000,130655.400305
4994.500749,5000,130742.316983
5115.625789,5000,130830.259263
4869.216269,5000,130917.024973
5063.289275,5000,131004.316517
5277.86737,5000,131093.300542
5185.900342,5000,131180.504797
4863.428711,5000,131267.606366
5035.792878,5000,131354.482068
4815.039186,5000,131441.234249
4953.896368,5000,131528.743909
4506.736689,5000,131616.084321
4991.004333,5000,131703.851
4990.370293,5000,131790.79662
4718.632226,5000,131877.989063
4843.483141,5000,131966.038804
4954.273534,5000,132052.628982
4909.620521,5000,132139.783385
4977.071085,5000,132227.678375
4930.186959,5000,132315.30835
4779.875912,5000,132402.721846
4821.595427,5000,132490.432647
3812.457797,5000,132578.097475
4765.063115,5000,132665.294918
4855.138196,5000,132753.05247
4881.58802,5000,132840.414706
1588.351854,5000,132928.35894
4801.720812,5000,133015.669335
4910.885876,5000,133103.58267
4857.900233,5000,133191.646571
5126.866467,5000,133278.3634
4775.692504,5000,133365.862673
4916.689187,5000,133454.18138
4940.894946,5000,133541.674298
4920.402953,5000,133629.254987
4947.376068,5000,133715.837676
4831.339242,5000,133803.527003
5001.018528,5000,133890.237503
4900.884022,5000,133977.585244
4921.016698,5000,134065.247012
4907.446782,5000,134152.953256
4927.073382,5000,134240.408742
5002.812169,5000,134328.542392
4974.320611,5000,134415.946504
4915.828335,5000,134502.958944
4916.147031,5000,134590.481103
4881.325769,5000,134679.028419
4573.960669,5000,134766.6358
3030.824587,5000,134854.61033
4987.22875,5000,134942.692859
4203.494483,5000,135030.444049
4886.11556,5000,135117.819103
4683.132501,5000,135206.371907
4969.615661,5000,135294.35814
4982.813814,5000,135381.969586
4832.721671,5000,135469.515857
4737.173328,5000,135556.529433
4851.155502,5000,135643.542411
4842.114219,5000,135732.121738
4964.420929,5000,135819.7861
4865.21304,5000,135907.281675
4980.395503,5000,135994.338798
4977.710971,5000,136081.814171
4958.136252,5000,136169.284628
4976.54811,5000,136256.289803
4967.562864,5000,136343.656359
4998.758565,5000,136431.725564
4999.640505,5000,136518.909622
4984.712513,5000,136607.483069
5001.759542,5000,136694.583627
4994.17974,5000,136782.058007
-1655.291071,5000,136869.040465
5008.944627,5000,136956.96516
4995.23966,5000,137044.786349
4940.097038,5000,137131.623512
4973.256972,5000,137219.285924
5027.35681,5000,137307.076294
4969.080724,5000,137394.957601
4979.566026,5000,137482.87866
4987.732944,5000,137570.42709
4942.715677,5000,137657.852557
5024.53969,5000,137744.694532
4936.879531,5000,137831.816967
4959.585761,5000,137919.754299
4949.452155,5000,138007.954894
5024.93657,5000,138096.025251
4971.223664,5000,138183.762256
4957.973544,5000,138272.148686
5091.271873,5000,138359.656113
4768.032797,5000,138446.591092
4877.974902,5000,138533.978497
4942.31249,5000,138621.629314
4915.730784,5000,138709.477972
4916.987308,5000,138797.354468
4819.841263,5000,138883.840411
4931.485052,5000,138971.455381
4930.181425,5000,139058.367436
4948.741105,5000,139145.322169
4962.451603,5000,139233.120406
4995.155484,5000,139321.244532
5097.138276,5000,139409.467059
4636.405956,5000,139496.424551
-1821.297001,5000,139583.602668
-1231.180514,5000,139671.102071
2994.508679,5000,139759.695594
-1746.878804,5000,139847.750811
-1576.246965,5000,139934.948895
-1577.871245,5000,140021.950471
3885.951606,5000,140108.925353
3339.231696,5000,140196.920007
4831.729965,5000,140283.063087
4892.186092,5000,140370.621499
4780.710928,5000,140457.983006
4833.540816,5000,140545.848225
-987.466695,5000,140633.707348
4643.149871,5000,140720.587415
-1559.56859,5000,140807.918802
-1428.531386,5000,140895.462271
4809.118013,5000,140982.975346
4902.330786,5000,141070.99299
5089.668865,5000,141159.196542
-466.769151,5000,141246.375447
-683.568541,5000,141333.250767
4992.481154,5000,141420.674492
4143.375608,5000,141508.319911
4887.414608,5000,141596.279079
3689.303635,5000,141683.777099
4791.023026,5000,141771.566856
4917.533261,5000,141859.570475
4810.9159,5000,141947.100681
3988.448036,5000,142034.807209
2884.898801,5000,142122.526363
4888.366722,5000,142210.127796
4950.844601,5000,142297.85537
4319.522584,5000,142385.250578
4391.618886,5000,142473.229682
4954.763621,5000,142560.635957
4233.907224,5000,142649.914843
734.586921,5000,142731.479594
3131.60164,5000,142818.338718
4919.606895,5000,142905.586818
-1247.716703,5000,142992.970892
3357.154908,5000,143080.41322
-761.777754,5000,143165.639425
-1582.952789,5000,143251.503622
124.229608,5000,143336.954111
-1594.502473,5000,143421.932273
-1185.496089,5000,143507.222953
-1530.583427,5000,143592.552131
-1670.343726,5000,143678.112524
-1598.061846,5000,143763.307698
4987.76927,5000,143848.54989
-703.836902,5000,143934.020055
-1622.905857,5000,144018.848198
4941.347474,5000,144104.486669
3761.884757,5000,144190.076319
-586.067123,5000,144276.090479
4939.94239,5000,144361.817838
4883.44238,5000,144447.603232
1637.812027,5000,144532.928929
4986.210052,5000,144619.079222
4990.134617,5000,144704.453378
4734.426892,5000,144789.665365
4920.344196,5000,144875.219181
4928.852927,5000,144959.780393
4886.841927,5000,145045.691764
4856.595956,5000,145131.459968
4931.685721,5000,145217.277153
4949.81875,5000,145302.565235
3351.667537,5000,145388.033412
4832.941628,5000,145474.613663
4918.030087,5000,145559.669763
4951.634386,5000,145645.503248
4928.669113,5000,145730.771775
4857.723705,5000,145816.513052
4927.495338,5000,145901.6059
4912.238625,5000,145986.896655
4900.520399,5000,146072.155119
4063.183876,5000,146157.72911
4847.855745,5000,146243.876536
4876.607194,5000,146329.183941
5036.69052,5000,146414.500754
4891.172517,5000,146500.153214
4029.011932,5000,146585.518225
4959.982668,5000,146670.815488
4956.995868,5000,146755.482471
4931.77193,5000,146840.62691
341.025071,5000,146925.596776
4926.669211,5000,147010.972946
4877.030956,5000,147096.508315
4737.233149,5000,147182.463847
4820.861745,5000,147267.894975
3916.77812,5000,147353.199265
4986.572281,5000,147438.930761
4842.450437,5000,147525.27581
4974.21364,5000,147611.322987
3103.934825,5000,147696.850538
1953.766403,5000,147781.635739
4950.442416,5000,147867.567764
4888.785994,5000,147952.816424
4994.595221,5000,148037.536386
4977.744601,5000,148122.541323
4967.638281,5000,148208.44666
4965.896833,5000,148294.044724
4750.969254,5000,148379.541946
4098.138475,5000,148465.460261
4950.607772,5000,148551.681577
4981.429816,5000,148636.875741
4651.897711,5000,148723.078177
4960.600148,5000,148808.924355
4971.568863,5000,148895.05968
4881.714084,5000,148980.809434
4982.762028,5000,149066.785614
4962.344219,5000,149151.981582
4944.236569,5000,149237.476829
4927.460887,5000,149322.912951
4922.684362,5000,149408.318525
4937.146862,5000,149493.286792
4928.802832,5000,149578.499018
4554.081653,5000,149664.751536
3091.359365,5000,149750.160701
4949.728469,5000,149835.97893
4958.354597,5000,149921.597915
4909.405177,5000,150007.844078
4060.445034,5000,150093.423075
4893.21479,5000,150179.641003
3858.896085,5000,150265.260082
4999.450648,5000,150351.086302
4922.316293,5000,150436.922621
4961.147395,5000,150522.21092
-832.316491,5000,150607.675046
4925.104894,5000,150693.620313
4891.030192,5000,150779.690575
-852.224262,5000,150864.838927
4875.446584,5000,150950.130888
4782.689316,5000,151035.658423
4888.559626,5000,151120.609254
3883.172821,5000,151206.594521
-1545.455869,5000,151291.246676
-1539.995658,5000,151376.131096
4774.195561,5000,151462.175161
4964.160935,5000,151547.329289
4988.854894,5000,151633.030422
5092.046245,5000,151718.09645
4969.380596,5000,151803.700883
-1645.2545,5000,151888.627939
-1740.272431,5000,151973.566309
4899.831171,5000,152059.934535
4882.145211,5000,152147.109276
4958.111088,5000,152232.212224
4943.541842,5000,152318.604323
5038.244034,5000,152406.745359
4861.840123,5000,152492.201416
4978.139991,5000,152577.481101
4805.965933,5000,152664.184922
5044.460655,5000,152750.493162
5019.686696,5000,152836.067939
5073.77052,5000,152921.820942
4996.968461,5000,153007.341881
5119.022617,5000,153092.479626
4959.180611,5000,153178.221373
4917.417634,5000,153264.49637
4755.211933,5000,153349.855797
4881.673938,5000,153435.514317
5126.191727,5000,153521.693853
4996.016013,5000,153607.179586
4706.327171,5000,153693.154341
4986.753193,5000,153778.728137
4818.400718,5000,153864.856309
4992.664238,5000,153950.444688
4988.751853,5000,154036.097762
4992.454969,5000,154121.825742
4989.858875,5000,154207.06663
4992.855529,5000,154292.851721
5008.548466,5000,154378.357515
4936.348914,5000,154464.113414
4844.629332,5000,154549.789325
4585.913884,5000,154635.401211
5062.571058,5000,154720.68826
5171.465954,5000,154806.05249
4994.120972,5000,154891.264467
4395.16969,5000,154976.576968
4987.194548,5000,155062.476789
4987.674435,5000,155148.20272
4388.142936,5000,155233.662609
4418.429828,5000,155318.777427
4401.900308,5000,155404.357514
4974.840026,5000,155490.282694
4972.627925,5000,155575.575661
4966.713648,5000,155661.324464
4980.078093,5000,155746.795351
4991.102859,5000,155832.49404
4951.487757,5000,155918.809084
4909.461948,5000,156004.20676
4979.671538,5000,156089.858735
4977.889142,5000,156175.356541
4471.480509,5000,156261.59431
4700.889846,5000,156347.253571
5004.256714,5000,156432.613493
4426.87017,5000,156518.470843
4904.08395,5000,156604.159994
4896.796092,5000,156688.965096
4867.056061,5000,156774.686063
4941.417547,5000,156860.109441
4990.732861,5000,156945.581494
5010.448088,5000,157030.512388
4981.081441,5000,157116.573544
4984.665009,5000,157202.361736
4917.597547,5000,157288.125668
4981.933808,5000,157374.608095
4991.710378,5000,157460.142186
4930.662866,5000,157546.091243
4973.966978,5000,157631.610096
4989.367379,5000,157717.717396
4953.358214,5000,157803.793484
4908.990013,5000,157888.500441
4957.537267,5000,157973.951473
4979.880456,5000,158059.392565
5104.574624,5000,158144.660458
5269.126667,5000,158230.32564
5272.627215,5000,158316.163562
5048.247214,5000,158402.266881
5124.743277,5000,158493.693127
5050.155021,5000,158579.081213
4997.316674,5000,158665.585073
4966.048453,5000,158752.182814
5051.470974,5000,158839.080693
5056.304689,5000,158929.828721
4994.133187,5000,159018.948435
5111.494229,5000,159105.613443
4794.059541,5000,159191.392538
4989.069905,5000,159277.770557
4987.007565,5000,159364.690464
5179.806237,5000,159451.202188
4912.335662,5000,159537.676155
4991.59755,5000,159623.990229
5196.440588,5000,159710.176028
5025.835349,5000,159796.61484
4829.203592,5000,159883.45021
4993.641885,5000,159970.18706
4985.524117,5000,160057.059579
4997.485664,5000,160143.659237
4912.509977,5000,160229.741623
5191.228327,5000,160315.635346
4919.116079,5000,160401.754805
4690.899112,5000,160488.595489
4855.846208,5000,160574.840924
4977.849585,5000,160661.206686
5067.195019,5000,160746.994017
4933.190063,5000,160833.32478
5005.730792,5000,160919.861386
4882.848791,5000,161006.334264
4813.923221,5000,161092.912817
4992.611856,5000,161179.178509
4936.229429,5000,161265.723063
4972.699768,5000,161352.070543
4989.573917,5000,161438.853291
5031.641803,5000,161525.329846
4994.922047,5000,161610.869243
4947.687469,5000,161697.338517
4835.89704,5000,161783.859231
4629.167609,5000,161870.077659
4811.122734,5000,161956.454237
4854.416203,5000,162043.114657
4933.115146,5000,162129.095968
4951.224336,5000,162215.876734
4986.109276,5000,162302.378337
5117.291471,5000,162389.375946
4996.119782,5000,162476.081595
4876.358738,5000,162561.960017
4994.022054,5000,162648.747965
4991.84093,5000,162735.172399
4987.196129,5000,162822.136258
4975.131769,5000,162908.648697
4941.173128,5000,162994.886378
4861.421668,5000,163080.865097
4898.572059,5000,163166.932774
4872.438876,5000,163253.021221
4906.950485,5000,163339.911703
4901.836848,5000,163425.502126
4900.321533,5000,163512.002348
4970.367844,5000,163599.027711
-1760.217717,5000,163685.707375
4894.131657,5000,163772.717813
4965.627024,5000,163858.785079
4984.767958,5000,163945.600502
4565.175286,5000,164032.907918
4677.781991,5000,164119.533457
5029.360374,5000,164205.967925
4985.55115,5000,164292.405176
4976.665628,5000,164378.735455
5091.339174,5000,164464.54278
4987.22875,5000,164551.128011
4980.726205,5000,164637.187204
4651.160767,5000,164723.569788
4973.096048,5000,164810.164371
4985.873477,5000,164896.667642
4986.190552,5000,164982.964355
4993.672813,5000,165069.436802
4946.361192,5000,165155.992283
4987.736316,5000,165243.044551
4990.027224,5000,165328.861951
4988.086399,5000,165416.130312
4992.449315,5000,165502.766553
4978.76988,5000,165588.552934
4990.597826,5000,165675.111171
5005.518433,5000,165761.313345
4941.61319,5000,165847.991817
16.110132,5000,165934.692169
4798.467106,5000,166021.20442
4980.284878,5000,166107.837811
5022.859016,5000,166198.659577
4990.552099,5000,166285.61476
4970.813488,5000,166371.311363
4983.644777,5000,166459.295693
5061.575692,5000,166545.75931
-1794.968428,5000,166631.96068
-1720.495466,5000,166718.426943
4982.282442,5000,166804.372493
4996.614155,5000,166890.297891
4928.365924,5000,166976.700107
4936.9466,5000,167063.134195
2460.080408,5000,167149.882323
-1329.274113,5000,167235.890301
2571.102402,5000,167323.413562
4941.376069,5000,167410.405755
4836.397704,5000,167498.166011
-1486.620213,5000,167584.611099
-1658.833981,5000,167670.028373
4938.131797,5000,167755.476708
-716.536041,5000,167841.303149
4960.308455,5000,167928.159515
5044.77302,5000,168014.836467
5048.300542,5000,168101.348801
4897.804982,5000,168188.433877
4982.903188,5000,168276.608202
4989.251238,5000,168362.937468
4983.633825,5000,168449.261006
4987.238065,5000,168535.782433
4796.058882,5000,168622.535484
4948.493163,5000,168709.600532
4991.028334,5000,168795.623698
4989.532067,5000,168882.024974
4984.668974,5000,168967.915048
5003.394766,5000,169054.530298
5011.382561,5000,169141.620831
4846.985683,5000,169228.272783
4685.69771,5000,169318.367879
4986.298379,5000,169406.2983
4994.003592,5000,169494.460556
4812.253401,5000,169583.858663
4985.207333,5000,169671.507686
5116.883865,5000,169759.202919
4990.579642,5000,169847.526193
5007.129068,5000,169935.044257
4987.087981,5000,170021.881359
4939.927997,5000,170107.979588
4981.44198,5000,170194.021786
4979.505632,5000,170280.661099
5014.452379,5000,170367.588411
4932.298102,5000,170454.134675
4872.370698,5000,170539.899863
-390.615695,5000,170625.950278
-397.102496,5000,170711.519455
-271.224728,5000,170797.056649
4556.878262,5000,170882.970863
4980.678041,5000,170968.606193
5035.125559,5000,171055.468338
4837.778524,5000,171142.436332
367.167139,5000,171229.220534
4726.721794,5000,171315.362697
-1129.721003,5000,171401.455653
-551.720711,5000,171489.064891
-540.061225,5000,171575.076241
4634.157772,5000,171662.739556
-387.325785,5000,171749.923689
-360.788596,5000,171834.689599
-265.148854,5000,171921.489346
5007.920757,5000,172007.875558
5077.842652,5000,172094.573479
4920.249381,5000,172181.820619
4963.58504,5000,172268.062887
4981.518316,5000,172354.676949
5076.24786,5000,172441.314362
3716.413687,5000,172528.132626
1973.425872,5000,172614.499518
3446.710996,5000,172700.290844
5104.043154,5000,172786.58413
4926.514386,5000,172873.122313
4866.381907,5000,172958.993503
4746.645841,5000,173045.35264
-464.098945,5000,173131.661884
5004.735719,5000,173218.415013
4972.89779,5000,173303.820236
4739.008879,5000,173391.152311
4771.69127,5000,173477.123585
4852.823016,5000,173563.744972
4914.780463,5000,173648.941279
4139.603071,5000,173736.038475
4818.325939,5000,173821.847952
4832.197321,5000,173908.048051
4940.460596,5000,173993.982066
4801.512242,5000,174080.011883
4977.752364,5000,174167.050947
4891.642149,5000,174254.080742
4911.873055,5000,174339.66673
4985.424965,5000,174424.848603
1174.363875,5000,174510.146446
-72.045467,5000,174596.221808
4886.267582,5000,174682.88576
3385.015722,5000,174769.776692
-30.529861,5000,174856.85683
-329.517474,5000,174942.935139
-293.47639,5000,175029.689346
4966.233587,5000,175115.819159
5010.995403,5000,175201.796247
5025.102375,5000,175287.899231
4723.53873,5000,175374.393507
4872.67321,5000,175460.837691
5079.934643,5000,175547.722992
4968.152075,5000,175635.046123
4985.076054,5000,175721.944929
5049.078614,5000,175809.155979
4991.272292,5000,175895.292226
5022.843723,5000,175982.935467
5089.886731,5000,176069.153378
5004.964765,5000,176155.120343
4864.989939,5000,176241.357394
5028.244999,5000,176327.587767
5017.568095,5000,176412.996852
5094.35533,5000,176499.699721
5142.716812,5000,176586.707747
5005.690338,5000,176673.458672
5005.529291,5000,176759.808713
4998.872155,5000,176846.964957
4995.71485,5000,176932.534867
4980.811169,5000,177019.82387
4982.255565,5000,177106.867949
4993.616174,5000,177193.441143
5004.285362,5000,177280.529359
5016.056111,5000,177366.913279
5125.299338,5000,177453.568269
5183.290073,5000,177539.734475
4915.281615,5000,177626.35895
4955.281944,5000,177713.145781
5011.831068,5000,177799.353842
5028.284712,5000,177886.423363
5050.183447,5000,177972.515659
4935.657691,5000,178059.027871
5033.146893,5000,178145.213101
-1744.461784,5000,178231.774316
-278.863649,5000,178317.973403
5011.308977,5000,178404.715331
5167.261201,5000,178492.69484
5037.158785,5000,178579.147743
4954.9031,5000,178667.49973
5041.863693,5000,178755.397761
4943.338355,5000,178844.24188
5012.354752,5000,178932.995806
4866.808129,5000,179020.658868
4850.703304,5000,179108.693202
5065.126096,5000,179196.328069
4946.989023,5000,179283.704125
2392.004905,5000,179370.649955
4941.685434,5000,179458.40201
4998.671047,5000,179545.422279
5161.960108,5000,179632.821319
5001.837571,5000,179719.851528
950.784622,5000,179806.885598
5013.727516,5000,179894.756909
4969.873353,5000,179981.487105
4913.120942,5000,180068.174033
4983.637823,5000,180154.562872
-1010.125231,5000,180241.791231
4807.508377,5000,180329.572087
4973.317804,5000,180417.225033
3554.240177,5000,180503.742895
5017.83525,5000,180591.561663
5001.898111,5000,180679.051542
4967.923087,5000,180765.772531
4983.029502,5000,180853.31746
4978.290684,5000,180940.732372
4832.373301,5000,181028.335416
5005.334309,5000,181115.613184
5068.201681,5000,181203.345365
4901.964949,5000,181290.523551
4988.942459,5000,181378.26066
4949.061714,5000,181465.989026
4965.462558,5000,181553.820102
4288.648409,5000,181641.114071
4297.107693,5000,181729.411983
4972.493882,5000,181816.48209
4968.938439,5000,181903.667096
5021.212176,5000,181991.021804
4946.624943,5000,182078.339084
357.92297,5000,182166.244414
679.303278,5000,182252.968631
4817.45494,5000,182338.932657
407.370329,5000,182425.662619
5039.526759,5000,182512.964545
4998.284423,5000,182600.412607
4988.680988,5000,182687.823621
-1284.028985,5000,182773.963704
4762.803314,5000,182860.865476
4778.465699,5000,182947.956643
4775.773132,5000,183034.052493
5133.45352,5000,183121.120429
4982.804033,5000,183207.894251
2119.003023,5000,183295.041531
4987.641995,5000,183383.465779
4930.46078,5000,183471.634915
4861.362347,5000,183558.093017
4967.979344,5000,183645.039962
-1656.165869,5000,183731.615889
5032.190736,5000,183818.627869
4852.155777,5000,183906.356934
4922.425756,5000,183993.305735
2393.673215,5000,184080.014772
4943.352374,5000,184167.943974
4911.210355,5000,184255.146013
4853.530232,5000,184341.916749
4970.430684,5000,184429.534895
4202.476226,5000,184517.543211
4987.913297,5000,184605.102659
5033.634481,5000,184691.754669
4991.435312,5000,184779.451611
4992.7869,5000,184866.668659
4993.199181,5000,184953.731587
4985.993093,5000,185041.577549
4985.456371,5000,185129.036315
5001.782869,5000,185217.293197
4990.774378,5000,185304.163179
4978.979164,5000,185391.106584
4992.722879,5000,185477.99336
4959.838717,5000,185565.344004
4971.89296,5000,185653.251873
4985.799948,5000,185740.945799
4580.718842,5000,185827.399706
5187.908238,5000,185914.440334
4837.391393,5000,186000.54998
4985.553464,5000,186088.383791
4989.762095,5000,186175.236028
4986.330827,5000,186263.042731
4982.72188,5000,186351.553538
4990.754461,5000,186438.249367
4990.316534,5000,186524.757298
4984.239007,5000,186612.154036
5084.925669,5000,186699.19826
4987.014434,5000,186784.890201
4994.210931,5000,186872.51886
4979.930338,5000,186960.215775
4978.320302,5000,187046.016309
4985.629628,5000,187132.527073
4946.005171,5000,187219.828679
4979.244324,5000,187306.447516
4989.869169,5000,187392.1733
4995.818853,5000,187479.269977
4985.654443,5000,187565.141015
4924.354231,5000,187652.465987
4996.799176,5000,187739.817203
4994.141395,5000,187826.323832
4971.159512,5000,187912.957084
4990.059649,5000,187999.067818
4990.953591,5000,188085.412798
4933.860038,5000,188171.939556
5022.419154,5000,188258.278159
4970.864157,5000,188345.758152
4927.223104,5000,188431.982921
4994.939223,5000,188517.590456
4968.4912,5000,188603.840701
4990.948857,5000,188690.600457
4173.461644,5000,188777.158434
4948.806874,5000,188863.649351
4965.52221,5000,188949.539962
4490.656838,5000,189037.339063
4812.100605,5000,189126.284404
4936.303265,5000,189212.043281
4671.405464,5000,189298.537312
4978.464502,5000,189387.010376
4952.95975,5000,189474.459309
4988.032965,5000,189561.214247
4985.526506,5000,189648.442315
4988.381584,5000,189736.19526
4984.357444,5000,189822.959254
4961.861391,5000,189909.34303
4987.184183,5000,189996.111887
4993.999107,5000,190082.062745
5040.494424,5000,190167.463415
5002.399566,5000,190253.995356
4988.715256,5000,190341.024055
4986.449695,5000,190427.424251
4983.532766,5000,190518.069293
4988.338054,5000,190605.168159
4981.402774,5000,190691.960258
4974.263273,5000,190778.597153
4924.162805,5000,190865.063396
4911.350221,5000,190950.879263
4915.193329,5000,191037.888148
4999.864678,5000,191125.202226
5034.784351,5000,191211.449206
4982.964337,5000,191298.515317
5148.577851,5000,191385.028305
4936.074853,5000,191471.273167
4972.596791,5000,191557.364064
4990.758334,5000,191643.364301
4901.96589,5000,191729.947537
4967.100333,5000,191816.423764
4981.15774,5000,191903.346947
75.656486,5000,191989.923919
4986.265789,5000,192076.432097
4915.059228,5000,192162.877895
4930.924254,5000,192250.585903
4675.832313,5000,192336.524053
2156.430032,5000,192423.316249
3340.961928,5000,192509.180101
4637.823786,5000,192595.84579
1400.149002,5000,192682.36543
-326.305719,5000,192768.666041
-309.834038,5000,192855.522476
2719.468913,5000,192941.385406
4108.724982,5000,193028.153072
4343.651169,5000,193114.702059
2580.104187,5000,193201.390651
3384.050574,5000,193287.094152
3444.710875,5000,193373.927614
3985.98321,5000,193459.539992
4616.238512,5000,193547.166775
3975.927254,5000,193633.341619
4708.872709,5000,193720.044437
4772.941948,5000,193807.277115
4865.683122,5000,193893.849224
4886.497714,5000,193980.152589
4918.319092,5000,194066.607071
4822.419552,5000,194153.232202
4991.646437,5000,194240.051765
5011.926714,5000,194326.088387
4759.828958,5000,194411.841806
4737.473995,5000,194498.077479
4123.77327,5000,194583.938813
4682.086422,5000,194671.004581
4740.96865,5000,194757.623351
-120.754551,5000,194843.352268
-192.551043,5000,194930.868843
4357.853029,5000,195016.756184
4996.597097,5000,195103.027659
-27.666527,5000,195189.221107
4665.180249,5000,195275.587507
4960.911103,5000,195362.557984
4989.34702,5000,195449.724431
4994.108062,5000,195536.538978
4984.912039,5000,195622.531713
4974.432254,5000,195710.163365
4993.08999,5000,195796.458082
4760.04534,5000,195883.102965
3372.903195,5000,195970.458441
-252.538748,5000,196057.243069
-80.57698,5000,196143.335458
-199.260628,5000,196229.406606
683.516311,5000,196315.404878
2963.613378,5000,196401.283173
2346.899105,5000,196488.905264
2214.27606,5000,196577.121694
-299.002784,5000,196663.277841
1442.079034,5000,196749.945149
918.707212,5000,196836.756634
4932.756874,5000,196924.114342
3544.199706,5000,197009.912007
4900.270516,5000,197096.430429
4921.150935,5000,197182.597832
4031.056323,5000,197269.046575
4923.12841,5000,197355.344931
171.765915,5000,197442.221647
4823.580232,5000,197528.229189
4966.786798,5000,197614.297509
3141.499021,5000,197701.470436
4908.197085,5000,197788.159958
2094.963663,5000,197874.117007
4948.785039,5000,197962.05049
4957.84116,5000,198048.096688
5124.577245,5000,198134.955951
4961.575462,5000,198220.967165
3819.650051,5000,198306.902678
4901.365789,5000,198392.880837
4938.775595,5000,198480.974268
-280.419263,5000,198566.892473
-226.100411,5000,198653.972857
-59.735921,5000,198741.603528
-257.733013,5000,198828.03094
-197.941336,5000,198914.876184
3798.392081,5000,199001.657368
-318.952339,5000,199087.605565
3749.413302,5000,199173.99685
4005.566171,5000,199262.668997
4816.473076,5000,199349.192376
4805.908565,5000,199435.782762
3870.484562,5000,199523.614989
4876.709301,5000,199610.451523
3534.077209,5000,199696.528683
4566.410491,5000,199782.253228
2575.920614,5000,199868.436342
3969.195673,5000,199955.340723
4541.039719,5000,200041.892411
4364.830132,5000,200126.659654
4984.268771,5000,200214.335884
3997.697644,5000,200302.612178
2808.080551,5000,200389.415481
4325.166738,5000,200475.663705
4868.124259,5000,200562.675127
-71.173252,5000,200649.13249
4911.450934,5000,200736.240643
4862.694443,5000,200823.616946
2342.381299,5000,200910.671233
4953.77405,5000,200998.804401
2566.932693,5000,201084.824842
5017.900674,5000,201171.651907
4897.288483,5000,201259.837144
4019.662716,5000,201347.347527
500.491933,5000,201434.179776
2841.318225,5000,201521.396785
5111.511019,5000,201609.175913
1417.418184,5000,201696.520056
4289.741562,5000,201783.815146
4112.424563,5000,201871.284312
12.081607,5000,201958.929584
-257.98948,5000,202046.392879
-405.125295,5000,202133.216106
-212.313114,5000,202220.752436
2546.639871,5000,202308.571749
2015.711782,5000,202395.818413
4445.73477,5000,202483.170123
4043.796239,5000,202570.933485
4538.042999,5000,202659.42913
-206.338189,5000,202747.260426
-197.765736,5000,202835.353593
3579.742171,5000,202923.648456
3631.161465,5000,203011.664113
3298.952192,5000,203099.570036
3358.53972,5000,203186.789525
1132.27576,5000,203274.500879
4013.09831,5000,203361.864262
4160.695265,5000,203449.63587
4171.323344,5000,203537.652499
4085.13293,5000,203625.50861
46.243661,5000,203713.14597
3955.984223,5000,203800.783255
4478.910245,5000,203888.261236
-363.105736,5000,203974.458086
4192.049621,5000,204061.584647
4495.702463,5000,204148.985656
4893.961,5000,204237.37033
4074.334916,5000,204324.854578
4579.668004,5000,204412.034544
4386.129056,5000,204499.590947
4309.076245,5000,204587.38832
4475.472293,5000,204674.870549
4373.73047,5000,204762.485961
4240.08554,5000,204849.968392
4525.539079,5000,204937.62578
4453.145081,5000,205024.899369
3940.183094,5000,205112.608589
4636.289712,5000,205200.325627
-139.523234,5000,205287.897812
4981.37862,5000,205375.443073
34.016772,5000,205462.141166
2766.626283,5000,205549.607351
3733.682761,5000,205636.679367
-111.371906,5000,205724.558815
5018.778976,5000,205812.489164
3666.696595,5000,205900.969223
4981.384715,5000,205988.589073
4979.379188,5000,206075.579281
4969.19185,5000,206163.215494
4939.722547,5000,206250.713965
3881.032878,5000,206338.214414
4808.00687,5000,206425.903745
-289.810631,5000,206514.343015
5075.800017,5000,206601.383533
5010.910679,5000,206690.353623
-1425.665109,5000,206776.491705
-242.579688,5000,206865.731184
4970.130165,5000,206953.613288
4982.33125,5000,207041.383275
4947.199442,5000,207128.833656
4960.339045,5000,207216.21574
4987.316983,5000,207304.04186
4252.703442,5000,207391.413399
4879.67773,5000,207478.952537
130.661855,5000,207566.561028
216.523772,5000,207654.261052
4579.889325,5000,207742.019394
2115.758907,5000,207830.430805
553.033291,5000,207918.124272
-461.420262,5000,208005.477411
-489.973409,5000,208092.65018
-481.4021,5000,208180.09512
4984.632278,5000,208267.650448
4989.507303,5000,208355.65703
4495.036551,5000,208443.497301
1526.814976,5000,208530.589658
-310.730805,5000,208617.838896
-366.814616,5000,208705.592379
-57.345998,5000,208792.337617
-321.743873,5000,208879.792719
4868.835067,5000,208968.055802
-85.115293,5000,209055.820134
4744.827588,5000,209143.802602
-31.209721,5000,209231.335076
4612.382384,5000,209319.166378
-281.317887,5000,209406.780849
-361.648558,5000,209494.246303
4603.56091,5000,209582.011554
-423.882943,5000,209669.794222
-418.547114,5000,209756.798597
2209.427951,5000,209845.195203
-405.636344,5000,209932.545232
47.138261,5000,210019.943815
3980.944812,5000,210108.364368
4938.531406,5000,210196.048689
5175.557799,5000,210284.740188
3829.860178,5000,210372.553434
4558.8214,5000,210460.576783
4972.95563,5000,210548.281309
4952.695734,5000,210634.976684
4510.159749,5000,210722.459832
4972.138095,5000,210809.523933
4528.198362,5000,210896.131044
4973.157885,5000,210983.743064
-301.031094,5000,211070.891346
4999.827439,5000,211158.608275
5022.621989,5000,211245.944485
-381.387619,5000,211333.324371
4984.328455,5000,211420.863417
4964.66267,5000,211508.076527
4948.641991,5000,211596.637804
4918.498436,5000,211683.975127
4984.021094,5000,211772.382343
4957.681165,5000,211859.587654
-369.635048,5000,211947.031063
5005.067308,5000,212034.538265
4971.745595,5000,212121.892436
4960.981293,5000,212208.626386
4968.655363,5000,212296.41058
4972.896572,5000,212384.486164
4958.927703,5000,212472.123453
4902.520934,5000,212559.771467
4356.18252,5000,212647.59737
4979.13665,5000,212735.621664
4967.096196,5000,212822.737694
4955.986608,5000,212910.381967
4962.59088,5000,212998.667084
-174.551627,5000,213085.64737
2997.505475,5000,213173.390718
-274.461426,5000,213261.429875
702.447413,5000,213349.24309
4343.046224,5000,213436.866586
-266.761143,5000,213524.33363
2280.442942,5000,213611.890026
4864.232486,5000,213699.34327
4832.995602,5000,213786.989845
4862.884076,5000,213874.723257
-247.637039,5000,213961.759336
2694.592803,5000,214049.536721
14.370152,5000,214137.760945
3630.747272,5000,214225.654739
-1564.127459,5000,214312.808922
1050.665533,5000,214399.785913
4958.030065,5000,214488.264941
1662.507258,5000,214575.274965
485.793856,5000,214662.475634
-178.293564,5000,214750.290783
171.402959,5000,214837.017817
182.421713,5000,214924.856935
125.136006,5000,215012.802392
2332.909495,5000,215099.799182
445.327829,5000,215187.830574
-10.298472,5000,215274.986586
2030.186312,5000,215362.800731
8.130065,5000,215450.41992
4315.605694,5000,215537.699175
-26.564438,5000,215624.647309
-173.090734,5000,215712.117423
-273.594735,5000,215800.054103
-276.029353,5000,215887.588593
4336.887838,5000,215974.733524
-1559.95759,5000,216062.075296
-189.056285,5000,216150.268792
4943.941598,5000,216237.43783
3268.015442,5000,216325.501696
4951.651094,5000,216413.432966
4902.641547,5000,216500.297812
3640.762226,5000,216588.2222
4967.215254,5000,216676.326825
5008.503211,5000,216764.101625
4984.404498,5000,216852.244755
5006.773048,5000,216940.187984
4996.669943,5000,217027.68725
4707.959018,5000,217115.437501
2567.409878,5000,217203.286623
4331.468788,5000,217295.353809
4414.386466,5000,217393.097604
4465.76865,5000,217484.878767
3720.196205,5000,217572.617857
3566.604847,5000,217660.580645
4513.951225,5000,217747.610079
4975.658103,5000,217835.450269
4949.153789,5000,217923.552442
4974.246239,5000,218011.593736
3462.567136,5000,218099.381375
4435.604298,5000,218186.894212
4200.606159,5000,218274.871277
3734.550693,5000,218362.244206
3314.147741,5000,218450.154237
5235.589897,5000,218538.180612
3756.515839,5000,218625.646788
4995.542522,5000,218712.477333
4067.11343,5000,218800.283066
4947.814026,5000,218888.419047
4921.474784,5000,218976.292146
5001.817246,5000,219064.083247
4968.810005,5000,219152.014243
4981.42424,5000,219239.784551
4977.011246,5000,219327.236612
4986.700837,5000,219414.413216
4981.669435,5000,219502.728074
5014.503508,5000,219590.73807
4897.68456,5000,219678.152245
4449.111951,5000,219766.494178
4973.310408,5000,219853.754848
4973.856191,5000,219941.413771
4961.467852,5000,220029.181987
5006.030405,5000,220116.98262
4917.95792,5000,220204.364348
4911.093338,5000,220292.180264
4969.4076,5000,220380.150095
4970.1896,5000,220467.62603
4991.140677,5000,220554.936983
5026.922226,5000,220642.933168
4956.767065,5000,220731.066724
4858.290974,5000,220818.968593
4941.014176,5000,220906.850937
1503.725824,5000,220994.468796
2674.751722,5000,221082.783247
1266.788431,5000,221170.142175
4418.984046,5000,221258.030839
4052.987929,5000,221344.379494
4746.151193,5000,221431.327618
4761.850654,5000,221519.528235
631.245477,5000,221607.955207
1198.601225,5000,221695.358283
-237.020794,5000,221782.572663
246.102405,5000,221870.344845
1473.003238,5000,221957.608076
3980.82905,5000,222044.711926
4736.975627,5000,222131.596051
4798.927577,5000,222219.391864
3912.526,5000,222306.282093
2103.728403,5000,222394.322524
2166.224981,5000,222482.574692
3568.009079,5000,222570.540682
4959.350802,5000,222657.154604
4993.086887,5000,222744.786689
5011.617482,5000,222832.374762
4908.839174,5000,222920.050607
4989.396563,5000,223009.030734
2406.220558,5000,223096.983995
2551.704119,5000,223184.564232
-315.461674,5000,223271.975287
-204.368493,5000,223359.601514
4382.766866,5000,223447.460777
241.457486,5000,223534.982198
-228.127007,5000,223622.4032
-193.157665,5000,223709.895485
-171.580625,5000,223798.514831
297.189039,5000,223886.289787
1089.084111,5000,223974.06035
1645.35754,5000,224061.225217
4955.25051,5000,224148.615244
4354.405965,5000,224236.508163
932.09461,5000,224324.362467
4005.503999,5000,224411.572671
3207.13844,5000,224499.850883
4998.679961,5000,224587.275205
3441.047047,5000,224675.518136
4041.623174,5000,224763.154536
4517.738591,5000,224850.806943
4976.22242,5000,224939.028005
-469.927163,5000,225026.680239
4507.079698,5000,225114.39063
5003.487332,5000,225201.373666
4891.366016,5000,225288.817773
-272.764864,5000,225376.902787
552.811474,5000,225464.791642
4722.914975,5000,225552.855497
4920.014125,5000,225640.129882
4930.419007,5000,225728.204618
4941.184394,5000,225815.056017
1102.430835,5000,225902.306746
4809.284224,5000,225990.11584
4937.80321,5000,226078.374649
4912.821767,5000,226166.274964
4865.406537,5000,226253.968531
4829.28195,5000,226342.036014
4711.975922,5000,226430.340607
4043.748589,5000,226518.221886
-240.38236,5000,226605.807429
238.983829,5000,226693.516431
2555.574229,5000,226780.962174
1331.952019,5000,226868.855842
1787.145121,5000,226956.858521
4919.574179,5000,227044.778635
4905.241433,5000,227132.846765
2651.54045,5000,227220.86843
4943.653607,5000,227308.723037
-421.168665,5000,227395.646533
-415.291805,5000,227483.333089
4948.613949,5000,227571.589713
4997.783026,5000,227660.191872
1379.491815,5000,227747.050486
3820.656363,5000,227835.171285
1383.166957,5000,227922.194693
2664.087949,5000,228009.734623
4814.127786,5000,228098.10452
4977.019564,5000,228185.883337
4967.121747,5000,228274.731508
4934.415719,5000,228362.783146
5110.172118,5000,228450.295916
3759.625372,5000,228537.975851
4602.421819,5000,228624.496486
4968.003339,5000,228712.354259
4515.504731,5000,228800.372135
1682.396614,5000,228888.315996
4979.864568,5000,228976.243986
4941.732625,5000,229064.06139
4836.254143,5000,229151.780772
5129.617184,5000,229239.257155
4831.785965,5000,229327.561681
4978.045822,5000,229415.447107
4989.326216,5000,229503.230279
4980.625808,5000,229591.429641
4946.345838,5000,229678.703051
4981.258296,5000,229766.403031
4955.18643,5000,229854.587913
4956.812141,5000,229942.528626
4985.527273,5000,230030.264054
4909.801633,5000,230118.019589
4936.144601,5000,230205.893126
4916.564145,5000,230293.207701
4825.513092,5000,230381.078213
4862.734219,5000,230468.587659
4772.013392,5000,230557.015194
4799.675068,5000,230645.308785
4398.061838,5000,230732.784118
4962.226475,5000,230820.174757
2235.584681,5000,230908.530587
4837.582402,5000,230997.060711
4970.760229,5000,231084.776018
4994.973354,5000,231172.973534
4993.818702,5000,231260.260848
5009.416507,5000,231348.294531
4948.557878,5000,231436.005932
4708.442402,5000,231523.62047
4921.36497,5000,231611.282531
4890.968963,5000,231699.320396
4939.622024,5000,231787.922011
4838.037351,5000,231877.141786
4655.190354,5000,231964.585352
4910.875858,5000,232052.819288
4755.959073,5000,232141.405866
5000.778306,5000,232228.515297
4988.697973,5000,232315.504559
4936.710145,5000,232403.144188
4346.197713,5000,232490.605859
4911.468715,5000,232578.194096
4488.651502,5000,232665.938167
5000.169612,5000,232753.715423
4986.754598,5000,232841.487092
4986.052113,5000,232929.412304
4969.290038,5000,233017.488937
4976.545069,5000,233104.691667
4912.567635,5000,233193.182178
4966.244226,5000,233280.95353
4238.04133,5000,233368.524614
4119.195357,5000,233456.18371
3753.105512,5000,233544.412117
4675.277113,5000,233632.982924
4999.920786,5000,233720.426631
4977.065875,5000,233808.276002
4979.185213,5000,233896.556398
4969.20044,5000,233984.667977
4982.981965,5000,234071.98624
4992.947091,5000,234159.524339
4959.60323,5000,234247.153642
5043.582414,5000,234334.133539
4963.954131,5000,234421.667328
5238.296739,5000,234509.941816
4704.495454,5000,234597.910366
4984.870373,5000,234685.940664
4964.010377,5000,234774.488071
4919.966077,5000,234861.629411
4101.203333,5000,234948.837059
4978.126422,5000,235036.779319
4217.873166,5000,235124.265552
4655.08691,5000,235212.228714
4967.008761,5000,235300.471649
4168.081298,5000,235387.98208
4959.58037,5000,235476.37135
4946.15503,5000,235564.070625
4776.06718,5000,235652.070081
4776.252841,5000,235739.642449
4229.70312,5000,235826.733714
4990.450266,5000,235914.112958
4708.739182,5000,236001.612198
4550.700892,5000,236088.835672
5109.163945,5000,236175.733047
4664.505681,5000,236263.441587
5080.763847,5000,236350.356811
4998.661212,5000,236437.960994
4848.31852,5000,236525.495574
4956.654525,5000,236612.47771
4543.600018,5000,236699.841695
4787.677022,5000,236787.713228
4582.324153,5000,236875.218713
4972.212801,5000,236962.996079
4849.291044,5000,237049.882702
4663.854377,5000,237136.799188
4984.85284,5000,237223.937286
4556.288336,5000,237310.728362
4962.136996,5000,237397.831369
4401.321052,5000,237485.33167
5004.324201,5000,237572.733858
4700.124731,5000,237662.647825
4389.837544,5000,237750.344245
4979.186892,5000,237838.463354
4991.089956,5000,237926.232463
5065.814832,5000,238013.312621
4765.663908,5000,238100.806894
4992.553787,5000,238188.112219
4981.649463,5000,238275.543536
4979.22047,5000,238363.455678
4975.355551,5000,238451.309785
4983.504592,5000,238540.352294
4497.908048,5000,238636.456495
4956.653714,5000,238727.500481
4989.795995,5000,238816.443848
4912.605577,5000,238904.079327
580.303862,5000,238991.809939
4581.687128,5000,239079.816416
4987.198625,5000,239167.291661
4967.072737,5000,239255.293158
4983.069624,5000,239343.382716
4970.028813,5000,239431.271153
4969.286618,5000,239518.909337
4318.199557,5000,239606.737699
5045.23599,5000,239694.039065
4343.923623,5000,239781.730442
4239.574831,5000,239868.3197
4236.236144,5000,239956.255003
4333.708759,5000,240043.668421
4372.37271,5000,240131.413945
4439.557543,5000,240218.980154
-181.793942,5000,240305.032021
-1592.634345,5000,240392.33725
-1652.078393,5000,240479.773793
4688.916536,5000,240567.67281
-69.607649,5000,240655.493212
-230.812715,5000,240742.688245
-1683.822337,5000,240829.685478
4401.350117,5000,240917.245572
3089.693136,5000,241004.660669
4339.023978,5000,241092.373606
3685.758041,5000,241181.453857
3688.705656,5000,241268.965022
-1489.774374,5000,241356.840329
4751.947279,5000,241444.59127
-899.665367,5000,241532.643408
3876.210641,5000,241620.989936
4124.595981,5000,241707.871924
4952.53414,5000,241795.156026
4555.361125,5000,241881.825877
-227.069565,5000,241969.457258
-198.802457,5000,242056.992588
4393.691085,5000,242144.345325
113.32279,5000,242232.462714
4475.166254,5000,242320.960704
4801.896342,5000,242407.81479
4513.303405,5000,242495.071833
5032.339062,5000,242582.603146
-535.998042,5000,242670.13306
5058.360918,5000,242757.917717
4718.545736,5000,242845.515234
4711.094082,5000,242933.092402
4956.567853,5000,243020.780872
1757.946769,5000,243108.661178
508.429206,5000,243196.124549
3808.714721,5000,243284.393013
4947.4656,5000,243372.625546
-1309.113303,5000,243460.15588
-267.053827,5000,243547.805068
2276.624789,5000,243635.49058
-1276.925432,5000,243722.967795
-669.88777,5000,243810.719997
4991.540987,5000,243898.320347
4965.376592,5000,243986.130105
5059.342804,5000,244073.97039
4912.015476,5000,244161.793408
5003.318942,5000,244249.605878
4953.25871,5000,244338.200128
-397.06177,5000,244426.295541
3443.918929,5000,244513.618842
4565.123696,5000,244602.197887
4987.168109,5000,244690.095975
2136.608065,5000,244777.966341
4504.5642,5000,244865.658577
4983.420127,5000,244953.500706
-1601.938097,5000,245041.459862
-1819.48124,5000,245129.290339
-1490.130522,5000,245216.492793
-1109.667014,5000,245304.461275
-230.07739,5000,245391.947326
-137.06817,5000,245479.729391
3763.036944,5000,245566.633682
4470.802259,5000,245653.870797
4784.796782,5000,245740.290794
-211.549013,5000,245826.472965
-1020.516165,5000,245913.305176
4921.1761,5000,246000.168242
-467.621887,5000,246086.417576
3855.78339,5000,246172.664381
-1458.33512,5000,246259.502352
-376.699682,5000,246345.705338
-1531.606157,5000,246431.036371
-1661.728552,5000,246517.499216
-1686.83697,5000,246602.626327
-1003.816939,5000,246687.563338
-1359.951791,5000,246773.170344
4981.416814,5000,246859.03139
3461.156247,5000,246944.954366
36.453917,5000,247031.344228
4801.62171,5000,247117.617012
3094.80326,5000,247205.461201
4577.157228,5000,247291.166153
4388.694255,5000,247377.497913
4391.232589,5000,247462.709795
31.370045,5000,247548.102521
-136.981681,5000,247634.156459
-181.076803,5000,247720.034477
-165.61303,5000,247805.420286
-169.798963,5000,247891.866116
31.570476,5000,247978.449106
4717.174948,5000,248064.186915
3925.440359,5000,248149.775802
-176.87761,5000,248235.784676
1213.266649,5000,248321.555446
4842.984738,5000,248407.843379
68.629244,5000,248493.209133
4763.335481,5000,248579.804168
724.923703,5000,248666.343159
-105.662149,5000,248752.345192
4848.116873,5000,248839.25544
4783.90323,5000,248926.593286
4926.489377,5000,249011.94536
898.121882,5000,249097.70353
2159.904196,5000,249182.570306
-37.53126,5000,249268.056146
4949.608149,5000,249354.906376
1175.584775,5000,249441.461699
4857.864857,5000,249527.865481
4880.844725,5000,249614.351291
81.59759,5000,249700.289172
-157.769163,5000,249786.381074
4861.750877,5000,249872.836469
-153.749952,5000,249958.394489
-304.070997,5000,250043.756489
-320.135626,5000,250129.94324
-288.775256,5000,250215.618188
-269.179049,5000,250302.537556
2600.958674,5000,250388.738358
4902.843591,5000,250475.932284
514.144726,5000,250561.890183
4844.761393,5000,250647.598503
-335.503347,5000,250735.056583
3451.619664,5000,250820.69434
4398.600644,5000,250907.853828
3846.940332,5000,250993.797267
4609.602177,5000,251079.72182
3425.491712,5000,251167.239625
3437.906558,5000,251254.287037
4214.985798,5000,251340.236602
4896.416342,5000,251426.443426
4965.460703,5000,251513.299052
4872.688754,5000,251599.526068
4785.244727,5000,251685.862176
4957.857986,5000,251772.737839
-399.324951,5000,251858.402439
4920.38982,5000,251944.468894
4812.622883,5000,252030.487558
4445.698221,5000,252116.696192
-71.46679,5000,252202.847057
4880.009896,5000,252289.291338
4844.049179,5000,252376.698113
4351.483002,5000,252463.617016
4916.411307,5000,252550.563767
3006.747633,5000,252636.511126
4179.597186,5000,252722.205608
3727.304412,5000,252807.143002
4429.996389,5000,252893.110752
4437.698072,5000,252979.647687
3798.9751,5000,253065.793628
4493.806218,5000,253152.606339
218.934684,5000,253238.975841
4811.515662,5000,253326.635831
4761.132551,5000,253413.372396
4321.207642,5000,253499.621772
4469.662736,5000,253586.893731
4820.055469,5000,253673.408354
4804.137146,5000,253759.521052
4878.867328,5000,253846.399889
-420.06265,5000,253932.605804
-329.190265,5000,254018.880598
-371.514421,5000,254105.071142
-373.58339,5000,254191.849726
-405.902844,5000,254278.370734
4071.403908,5000,254364.683346
4350.749502,5000,254450.743898
-218.867961,5000,254536.912905
-183.848321,5000,254622.210937
-328.366573,5000,254708.592724
1153.732134,5000,254796.275684
-389.700481,5000,254883.089806
-347.534231,5000,254970.156624
-288.70975,5000,255056.508727
-377.165074,5000,255142.086534
4713.764867,5000,255228.668333
780.464377,5000,255315.603249
4894.704399,5000,255401.800053
-58.1744,5000,255488.533047
979.24975,5000,255574.863074
4823.582587,5000,255662.510788
4707.743254,5000,255748.878892
4702.638812,5000,255835.372849
4699.298127,5000,255922.192415
4707.705844,5000,256009.70265
4839.269689,5000,256094.9425
4860.386507,5000,256181.267584
4857.800595,5000,256268.11161
4793.622678,5000,256354.939755
4810.258915,5000,256442.169417
4721.78075,5000,256528.191522
4774.242189,5000,256617.093531
